site_id,site_name,township,lat,lon,building_type,collapse_pattern,est_trapped,priority_score,road_type,status,reported_at,scout_notes
S0001,Chanayethazan Site 1,Mahaaungmye,21.8561,96.036796,reinforced_concrete,v-shape,6,0.56,unpaved,awaiting_rescue,2026-07-04T04:48:03.410948+00:00,"Multi-story reinforced concrete building, v-shape collapse. Voices heard from rubble. 6 people believed inside. Dust and debris blocking main road."
S0002,Chanmyathazi Site 2,Singu,21.959958,95.979024,reinforced_concrete,v-shape,4,0.46,paved,awaiting_rescue,2026-07-04T09:05:03.410948+00:00,"Multi-story reinforced concrete building, v-shape collapse. Voices heard from rubble. 4 people believed inside. Dust and debris blocking main road."
S0003,Singu Site 3,Sagaing,21.910772,96.022913,timber,pancake,2,0.57,unpaved,awaiting_rescue,2026-07-04T07:00:03.410948+00:00,"Multi-story timber building, pancake collapse. Voices heard from rubble. 2 people believed inside. Dust and debris blocking main road."
S0004,Chanayethazan Site 4,Kyaukse,22.061095,96.06086,brick_masonry,cantilever,5,0.36,paved,awaiting_rescue,2026-07-04T08:59:03.410948+00:00,"Multi-story brick masonry building, cantilever collapse. Voices heard from rubble. 5 people believed inside. Dust and debris blocking main road."
S0005,Pyigyidagun Site 5,Kyaukse,21.913262,95.991406,reinforced_concrete,pancake,1,0.58,paved,awaiting_rescue,2026-07-04T07:10:03.410948+00:00,"Partial pancake collapse of reinforced concrete apartment block. Around 1 trapped, tapping sounds confirmed on second floor slab."
S0006,Singu Site 6,Tada-U,22.053212,96.123517,brick_masonry,pancake,7,0.66,paved,awaiting_rescue,2026-07-04T07:18:03.410948+00:00,"Residential brick masonry home, pancake collapse. Family of 7 not evacuated. Water pipe burst flooding the basement void."
S0007,Singu Site 7,Amarapura,21.920807,96.15148,reinforced_concrete,cantilever,9,0.36,paved,awaiting_rescue,2026-07-04T04:37:03.410948+00:00,"Market hall reinforced concrete, cantilever failure of roof. Vendors estimate 9 people under the structure. Aftershock risk, wall leaning."
S0008,Patheingyi Site 8,Myitnge,21.958634,96.178535,brick_masonry,pancake,1,0.59,paved,awaiting_rescue,2026-07-04T08:39:03.410948+00:00,"Market hall brick masonry, pancake failure of roof. Vendors estimate 1 people under the structure. Aftershock risk, wall leaning."
S0009,Myitnge Site 9,Mahaaungmye,21.898113,96.204773,brick_masonry,pancake,1,0.52,unpaved,awaiting_rescue,2026-07-04T05:25:03.410948+00:00,School building (brick masonry) collapsed in pancake configuration. Estimated 1 children and staff unaccounted for. Access road cracked.
S0010,Aungmyethazan Site 10,Kyaukse,21.979533,96.081672,reinforced_concrete,v-shape,17,0.74,unpaved,awaiting_rescue,2026-07-04T05:02:03.410948+00:00,"Market hall reinforced concrete, v-shape failure of roof. Vendors estimate 17 people under the structure. Aftershock risk, wall leaning."
S0011,Kyaukse Site 11,Aungmyethazan,21.914151,96.009625,reinforced_concrete,v-shape,7,0.59,paved,awaiting_rescue,2026-07-04T05:35:03.410948+00:00,"Multi-story reinforced concrete building, v-shape collapse. Voices heard from rubble. 7 people believed inside. Dust and debris blocking main road."
S0012,Chanayethazan Site 12,Mahaaungmye,21.965013,95.826599,brick_masonry,pancake,18,0.99,unpaved,awaiting_rescue,2026-07-04T04:04:03.410948+00:00,School building (brick masonry) collapsed in pancake configuration. Estimated 18 children and staff unaccounted for. Access road cracked.
S0013,Tada-U Site 13,Chanmyathazi,22.265872,96.378259,brick_masonry,pancake,12,0.85,unpaved,awaiting_rescue,2026-07-04T04:47:03.410948+00:00,"Multi-story brick masonry building, pancake collapse. Voices heard from rubble. 12 people believed inside. Dust and debris blocking main road."
S0014,Pyigyidagun Site 14,Singu,21.953456,96.100679,reinforced_concrete,cantilever,3,0.27,unpaved,awaiting_rescue,2026-07-04T08:40:03.410948+00:00,"Residential reinforced concrete home, cantilever collapse. Family of 3 not evacuated. Water pipe burst flooding the basement void."
S0015,Pyigyidagun Site 15,Myitnge,22.065859,96.123945,brick_masonry,lean-to,1,0.38,paved,awaiting_rescue,2026-07-04T06:57:03.410948+00:00,"Market hall brick masonry, lean-to failure of roof. Vendors estimate 1 people under the structure. Aftershock risk, wall leaning."
S0016,Pyigyidagun Site 16,Tada-U,21.866042,96.11958,reinforced_concrete,cantilever,11,0.35,paved,awaiting_rescue,2026-07-04T06:05:03.410948+00:00,School building (reinforced concrete) collapsed in cantilever configuration. Estimated 11 children and staff unaccounted for. Access road cracked.
S0017,Patheingyi Site 17,Patheingyi,22.052965,96.105617,brick_masonry,v-shape,9,0.55,unpaved,awaiting_rescue,2026-07-04T04:53:03.410948+00:00,"Partial v-shape collapse of brick masonry apartment block. Around 9 trapped, tapping sounds confirmed on second floor slab."
S0018,Tada-U Site 18,Sagaing,22.00833,96.129406,mixed,pancake,3,0.59,paved,awaiting_rescue,2026-07-04T04:59:03.410948+00:00,"mixed structure fully down, pancake pattern. Neighbors report 3 residents missing. Strong smell of gas nearby."
S0019,Chanayethazan Site 19,Mahaaungmye,21.890365,96.080411,steel_frame,pancake,9,0.78,paved,awaiting_rescue,2026-07-04T04:54:03.410948+00:00,"Market hall steel frame, pancake failure of roof. Vendors estimate 9 people under the structure. Aftershock risk, wall leaning."
S0020,Aungmyethazan Site 20,Sagaing,22.241526,95.798177,brick_masonry,pancake,3,0.56,paved,awaiting_rescue,2026-07-04T07:18:03.410948+00:00,School building (brick masonry) collapsed in pancake configuration. Estimated 3 children and staff unaccounted for. Access road cracked.
S0021,Singu Site 21,Tada-U,22.001306,96.14269,timber,v-shape,4,0.46,damaged,awaiting_rescue,2026-07-04T05:55:03.410948+00:00,"Market hall timber, v-shape failure of roof. Vendors estimate 4 people under the structure. Aftershock risk, wall leaning."
S0022,Mahaaungmye Site 22,Myitnge,21.918498,95.984512,brick_masonry,cantilever,4,0.27,paved,awaiting_rescue,2026-07-04T08:24:03.410948+00:00,"brick masonry structure fully down, cantilever pattern. Neighbors report 4 residents missing. Strong smell of gas nearby."
S0023,Myitnge Site 23,Tada-U,22.037031,96.066729,mixed,v-shape,5,0.46,paved,awaiting_rescue,2026-07-04T04:45:03.410948+00:00,"Market hall mixed, v-shape failure of roof. Vendors estimate 5 people under the structure. Aftershock risk, wall leaning."
S0024,Chanayethazan Site 24,Sagaing,21.907074,96.12856,brick_masonry,lean-to,1,0.42,paved,awaiting_rescue,2026-07-04T07:58:03.410948+00:00,"Multi-story brick masonry building, lean-to collapse. Voices heard from rubble. 1 people believed inside. Dust and debris blocking main road."
S0025,Aungmyethazan Site 25,Chanmyathazi,21.97242,95.996099,brick_masonry,lean-to,1,0.39,damaged,awaiting_rescue,2026-07-04T04:39:03.410948+00:00,"Partial lean-to collapse of brick masonry apartment block. Around 1 trapped, tapping sounds confirmed on second floor slab."
S0026,Mahaaungmye Site 26,Chanmyathazi,21.968144,96.043187,mixed,cantilever,4,0.33,paved,awaiting_rescue,2026-07-04T08:47:03.410948+00:00,"Residential mixed home, cantilever collapse. Family of 4 not evacuated. Water pipe burst flooding the basement void."
S0027,Chanayethazan Site 27,Mahaaungmye,22.043062,96.14546,reinforced_concrete,lean-to,1,0.39,paved,awaiting_rescue,2026-07-04T06:19:03.410948+00:00,"Partial lean-to collapse of reinforced concrete apartment block. Around 1 trapped, tapping sounds confirmed on second floor slab."
S0028,Tada-U Site 28,Chanayethazan,22.03001,95.983104,brick_masonry,pancake,23,1.0,unpaved,awaiting_rescue,2026-07-04T07:50:03.410948+00:00,School building (brick masonry) collapsed in pancake configuration. Estimated 23 children and staff unaccounted for. Access road cracked.
S0029,Amarapura Site 29,Chanayethazan,22.055027,96.13351,reinforced_concrete,pancake,2,0.59,paved,awaiting_rescue,2026-07-04T07:44:03.410948+00:00,"Partial pancake collapse of reinforced concrete apartment block. Around 2 trapped, tapping sounds confirmed on second floor slab."
S0030,Chanmyathazi Site 30,Chanmyathazi,21.723727,95.87073,reinforced_concrete,v-shape,12,0.62,damaged,awaiting_rescue,2026-07-04T05:23:03.410948+00:00,"reinforced concrete structure fully down, v-shape pattern. Neighbors report 12 residents missing. Strong smell of gas nearby."
S0031,Mahaaungmye Site 31,Patheingyi,21.573492,96.295346,brick_masonry,cantilever,9,0.41,unpaved,awaiting_rescue,2026-07-04T06:11:03.410948+00:00,"Residential brick masonry home, cantilever collapse. Family of 9 not evacuated. Water pipe burst flooding the basement void."
S0032,Pyigyidagun Site 32,Patheingyi,22.249551,95.847107,steel_frame,lean-to,2,0.45,unpaved,awaiting_rescue,2026-07-04T06:00:03.410948+00:00,"Residential steel frame home, lean-to collapse. Family of 2 not evacuated. Water pipe burst flooding the basement void."
S0033,Mahaaungmye Site 33,Aungmyethazan,22.037579,96.197647,reinforced_concrete,v-shape,3,0.52,paved,awaiting_rescue,2026-07-04T08:38:03.410948+00:00,"Multi-story reinforced concrete building, v-shape collapse. Voices heard from rubble. 3 people believed inside. Dust and debris blocking main road."
S0034,Patheingyi Site 34,Myitnge,22.058807,96.034573,reinforced_concrete,lean-to,7,0.49,damaged,awaiting_rescue,2026-07-04T09:14:03.410948+00:00,"Multi-story reinforced concrete building, lean-to collapse. Voices heard from rubble. 7 people believed inside. Dust and debris blocking main road."
S0035,Kyaukse Site 35,Amarapura,21.860289,96.074234,brick_masonry,cantilever,6,0.38,paved,awaiting_rescue,2026-07-04T05:44:03.410948+00:00,"Multi-story brick masonry building, cantilever collapse. Voices heard from rubble. 6 people believed inside. Dust and debris blocking main road."
S0036,Patheingyi Site 36,Kyaukse,21.994127,96.001829,mixed,lean-to,6,0.47,unpaved,awaiting_rescue,2026-07-04T06:35:03.410948+00:00,"mixed structure fully down, lean-to pattern. Neighbors report 6 residents missing. Strong smell of gas nearby."
S0037,Myitnge Site 37,Kyaukse,22.102571,96.440282,brick_masonry,lean-to,4,0.41,unpaved,awaiting_rescue,2026-07-04T06:30:03.410948+00:00,"Market hall brick masonry, lean-to failure of roof. Vendors estimate 4 people under the structure. Aftershock risk, wall leaning."
S0038,Kyaukse Site 38,Myitnge,21.946213,96.129932,brick_masonry,v-shape,19,0.78,paved,awaiting_rescue,2026-07-04T04:47:03.410948+00:00,"Residential brick masonry home, v-shape collapse. Family of 19 not evacuated. Water pipe burst flooding the basement void."
S0039,Mahaaungmye Site 39,Sagaing,22.027648,96.147487,timber,pancake,1,0.51,damaged,awaiting_rescue,2026-07-04T06:09:03.410948+00:00,"Market hall timber, pancake failure of roof. Vendors estimate 1 people under the structure. Aftershock risk, wall leaning."
S0040,Patheingyi Site 40,Pyigyidagun,21.986857,96.018059,timber,lean-to,1,0.42,damaged,awaiting_rescue,2026-07-04T04:06:03.410948+00:00,"Multi-story timber building, lean-to collapse. Voices heard from rubble. 1 people believed inside. Dust and debris blocking main road."
S0041,Myitnge Site 41,Amarapura,22.05782,96.093275,reinforced_concrete,pancake,11,0.78,unpaved,awaiting_rescue,2026-07-04T08:01:03.410948+00:00,"Market hall reinforced concrete, pancake failure of roof. Vendors estimate 11 people under the structure. Aftershock risk, wall leaning."
S0042,Sagaing Site 42,Aungmyethazan,22.276172,96.187315,timber,lean-to,10,0.56,unpaved,awaiting_rescue,2026-07-04T05:25:03.410948+00:00,School building (timber) collapsed in lean-to configuration. Estimated 10 children and staff unaccounted for. Access road cracked.
S0043,Amarapura Site 43,Tada-U,22.234365,95.894951,timber,lean-to,1,0.4,unpaved,awaiting_rescue,2026-07-04T06:30:03.410948+00:00,"Partial lean-to collapse of timber apartment block. Around 1 trapped, tapping sounds confirmed on second floor slab."
S0044,Patheingyi Site 44,Patheingyi,21.883304,96.061907,reinforced_concrete,pancake,3,0.59,paved,awaiting_rescue,2026-07-04T08:02:03.410948+00:00,"reinforced concrete structure fully down, pancake pattern. Neighbors report 3 residents missing. Strong smell of gas nearby."
S0045,Patheingyi Site 45,Tada-U,22.026972,96.259565,steel_frame,v-shape,2,0.41,unpaved,awaiting_rescue,2026-07-04T07:04:03.410948+00:00,School building (steel frame) collapsed in v-shape configuration. Estimated 2 children and staff unaccounted for. Access road cracked.
S0046,Singu Site 46,Chanmyathazi,21.996205,96.17912,reinforced_concrete,pancake,3,0.56,unpaved,awaiting_rescue,2026-07-04T06:56:03.410948+00:00,School building (reinforced concrete) collapsed in pancake configuration. Estimated 3 children and staff unaccounted for. Access road cracked.
S0047,Sagaing Site 47,Chanmyathazi,22.298969,96.508212,brick_masonry,cantilever,5,0.34,unpaved,awaiting_rescue,2026-07-04T04:46:03.410948+00:00,"brick masonry structure fully down, cantilever pattern. Neighbors report 5 residents missing. Strong smell of gas nearby."
S0048,Sagaing Site 48,Chanayethazan,21.93266,96.022064,brick_masonry,v-shape,2,0.48,paved,awaiting_rescue,2026-07-04T07:39:03.410948+00:00,"Multi-story brick masonry building, v-shape collapse. Voices heard from rubble. 2 people believed inside. Dust and debris blocking main road."
S0049,Chanayethazan Site 49,Myitnge,21.595626,96.483101,reinforced_concrete,pancake,18,0.9,damaged,awaiting_rescue,2026-07-04T04:19:03.410948+00:00,"reinforced concrete structure fully down, pancake pattern. Neighbors report 18 residents missing. Strong smell of gas nearby."
S0050,Singu Site 50,Mahaaungmye,21.877983,96.128498,brick_masonry,pancake,7,0.72,unpaved,awaiting_rescue,2026-07-04T05:29:03.410948+00:00,"Residential brick masonry home, pancake collapse. Family of 7 not evacuated. Water pipe burst flooding the basement void."
S0051,Pyigyidagun Site 51,Mahaaungmye,21.686178,95.924356,brick_masonry,cantilever,5,0.37,unpaved,awaiting_rescue,2026-07-04T07:16:03.410948+00:00,"Residential brick masonry home, cantilever collapse. Family of 5 not evacuated. Water pipe burst flooding the basement void."
S0052,Tada-U Site 52,Patheingyi,22.030275,96.029315,timber,lean-to,6,0.52,unpaved,awaiting_rescue,2026-07-04T08:53:03.410948+00:00,"Partial lean-to collapse of timber apartment block. Around 6 trapped, tapping sounds confirmed on second floor slab."
S0053,Singu Site 53,Chanmyathazi,21.865601,96.123402,reinforced_concrete,lean-to,4,0.45,unpaved,awaiting_rescue,2026-07-04T07:09:03.410948+00:00,School building (reinforced concrete) collapsed in lean-to configuration. Estimated 4 children and staff unaccounted for. Access road cracked.
S0054,Aungmyethazan Site 54,Amarapura,22.00935,96.197318,reinforced_concrete,cantilever,4,0.31,unpaved,awaiting_rescue,2026-07-04T07:47:03.410948+00:00,"Market hall reinforced concrete, cantilever failure of roof. Vendors estimate 4 people under the structure. Aftershock risk, wall leaning."
S0055,Amarapura Site 55,Chanmyathazi,22.22696,95.728736,steel_frame,pancake,3,0.62,unpaved,awaiting_rescue,2026-07-04T07:18:03.410948+00:00,School building (steel frame) collapsed in pancake configuration. Estimated 3 children and staff unaccounted for. Access road cracked.
S0056,Pyigyidagun Site 56,Singu,21.927411,96.032919,reinforced_concrete,v-shape,12,0.64,damaged,awaiting_rescue,2026-07-04T08:28:03.410948+00:00,"Multi-story reinforced concrete building, v-shape collapse. Voices heard from rubble. 12 people believed inside. Dust and debris blocking main road."
S0057,Pyigyidagun Site 57,Aungmyethazan,21.97073,96.028728,brick_masonry,v-shape,3,0.42,paved,awaiting_rescue,2026-07-04T06:34:03.410948+00:00,"Residential brick masonry home, v-shape collapse. Family of 3 not evacuated. Water pipe burst flooding the basement void."
S0058,Pyigyidagun Site 58,Mahaaungmye,21.93048,96.101532,brick_masonry,cantilever,4,0.3,paved,awaiting_rescue,2026-07-04T07:56:03.410948+00:00,"Partial cantilever collapse of brick masonry apartment block. Around 4 trapped, tapping sounds confirmed on second floor slab."
S0059,Myitnge Site 59,Aungmyethazan,21.809244,96.300853,mixed,v-shape,1,0.46,unpaved,awaiting_rescue,2026-07-04T06:25:03.410948+00:00,"Market hall mixed, v-shape failure of roof. Vendors estimate 1 people under the structure. Aftershock risk, wall leaning."
S0060,Aungmyethazan Site 60,Singu,22.228499,95.91146,brick_masonry,lean-to,7,0.47,damaged,awaiting_rescue,2026-07-04T04:27:03.410948+00:00,"Market hall brick masonry, lean-to failure of roof. Vendors estimate 7 people under the structure. Aftershock risk, wall leaning."
S0061,Aungmyethazan Site 61,Sagaing,22.070586,96.309494,reinforced_concrete,pancake,2,0.58,paved,awaiting_rescue,2026-07-04T06:58:03.410948+00:00,"Multi-story reinforced concrete building, pancake collapse. Voices heard from rubble. 2 people believed inside. Dust and debris blocking main road."
S0062,Mahaaungmye Site 62,Tada-U,21.86482,96.087181,brick_masonry,v-shape,1,0.47,paved,awaiting_rescue,2026-07-04T06:39:03.410948+00:00,"brick masonry structure fully down, v-shape pattern. Neighbors report 1 residents missing. Strong smell of gas nearby."
S0063,Myitnge Site 63,Myitnge,22.045004,96.342579,reinforced_concrete,lean-to,3,0.43,damaged,awaiting_rescue,2026-07-04T09:05:03.410948+00:00,"Partial lean-to collapse of reinforced concrete apartment block. Around 3 trapped, tapping sounds confirmed on second floor slab."
S0064,Chanmyathazi Site 64,Chanayethazan,22.058283,95.995926,timber,v-shape,1,0.4,paved,awaiting_rescue,2026-07-04T06:06:03.410948+00:00,"Multi-story timber building, v-shape collapse. Voices heard from rubble. 1 people believed inside. Dust and debris blocking main road."
S0065,Kyaukse Site 65,Myitnge,21.999745,96.082105,reinforced_concrete,lean-to,1,0.44,unpaved,awaiting_rescue,2026-07-04T04:40:03.410948+00:00,"Partial lean-to collapse of reinforced concrete apartment block. Around 1 trapped, tapping sounds confirmed on second floor slab."
S0066,Myitnge Site 66,Singu,22.052566,96.071696,brick_masonry,v-shape,14,0.7,paved,awaiting_rescue,2026-07-04T04:40:03.410948+00:00,"Partial v-shape collapse of brick masonry apartment block. Around 14 trapped, tapping sounds confirmed on second floor slab."
S0067,Myitnge Site 67,Chanayethazan,22.300307,96.036052,brick_masonry,lean-to,3,0.42,unpaved,awaiting_rescue,2026-07-04T08:40:03.410948+00:00,"Multi-story brick masonry building, lean-to collapse. Voices heard from rubble. 3 people believed inside. Dust and debris blocking main road."
S0068,Aungmyethazan Site 68,Myitnge,22.148963,96.179522,reinforced_concrete,pancake,6,0.71,damaged,awaiting_rescue,2026-07-04T09:04:03.410948+00:00,"Residential reinforced concrete home, pancake collapse. Family of 6 not evacuated. Water pipe burst flooding the basement void."
S0069,Amarapura Site 69,Patheingyi,22.014209,96.082242,timber,cantilever,1,0.29,damaged,awaiting_rescue,2026-07-04T08:15:03.410948+00:00,School building (timber) collapsed in cantilever configuration. Estimated 1 children and staff unaccounted for. Access road cracked.
S0070,Amarapura Site 70,Aungmyethazan,21.995586,96.17227,brick_masonry,v-shape,2,0.5,paved,awaiting_rescue,2026-07-04T08:45:03.410948+00:00,"Multi-story brick masonry building, v-shape collapse. Voices heard from rubble. 2 people believed inside. Dust and debris blocking main road."
S0071,Amarapura Site 71,Myitnge,22.060462,96.066822,brick_masonry,cantilever,6,0.34,paved,awaiting_rescue,2026-07-04T07:35:03.410948+00:00,"Market hall brick masonry, cantilever failure of roof. Vendors estimate 6 people under the structure. Aftershock risk, wall leaning."
S0072,Myitnge Site 72,Pyigyidagun,22.060483,96.31577,reinforced_concrete,lean-to,15,0.63,paved,awaiting_rescue,2026-07-04T08:12:03.410948+00:00,"Residential reinforced concrete home, lean-to collapse. Family of 15 not evacuated. Water pipe burst flooding the basement void."
S0073,Sagaing Site 73,Singu,21.805354,95.665102,brick_masonry,pancake,11,0.75,unpaved,awaiting_rescue,2026-07-04T05:04:03.410948+00:00,"brick masonry structure fully down, pancake pattern. Neighbors report 11 residents missing. Strong smell of gas nearby."
S0074,Singu Site 74,Chanmyathazi,22.003213,96.069452,brick_masonry,lean-to,3,0.4,damaged,awaiting_rescue,2026-07-04T05:41:03.410948+00:00,"Market hall brick masonry, lean-to failure of roof. Vendors estimate 3 people under the structure. Aftershock risk, wall leaning."
S0075,Myitnge Site 75,Kyaukse,21.777379,96.341939,brick_masonry,cantilever,4,0.35,unpaved,awaiting_rescue,2026-07-04T06:28:03.410948+00:00,"Market hall brick masonry, cantilever failure of roof. Vendors estimate 4 people under the structure. Aftershock risk, wall leaning."
S0076,Pyigyidagun Site 76,Myitnge,21.882821,96.09807,brick_masonry,v-shape,4,0.49,damaged,awaiting_rescue,2026-07-04T06:48:03.410948+00:00,"Residential brick masonry home, v-shape collapse. Family of 4 not evacuated. Water pipe burst flooding the basement void."
S0077,Chanmyathazi Site 77,Tada-U,22.035776,96.068356,brick_masonry,lean-to,14,0.61,paved,awaiting_rescue,2026-07-04T05:21:03.410948+00:00,"Multi-story brick masonry building, lean-to collapse. Voices heard from rubble. 14 people believed inside. Dust and debris blocking main road."
S0078,Chanmyathazi Site 78,Mahaaungmye,21.822579,95.740682,steel_frame,pancake,14,0.81,unpaved,awaiting_rescue,2026-07-04T05:17:03.410948+00:00,"Residential steel frame home, pancake collapse. Family of 14 not evacuated. Water pipe burst flooding the basement void."
S0079,Kyaukse Site 79,Singu,22.060249,96.051567,timber,v-shape,11,0.65,paved,awaiting_rescue,2026-07-04T08:37:03.410948+00:00,"Partial v-shape collapse of timber apartment block. Around 11 trapped, tapping sounds confirmed on second floor slab."
S0080,Mahaaungmye Site 80,Kyaukse,21.949028,96.124859,brick_masonry,pancake,6,0.65,unpaved,awaiting_rescue,2026-07-04T06:00:03.410948+00:00,School building (brick masonry) collapsed in pancake configuration. Estimated 6 children and staff unaccounted for. Access road cracked.
S0081,Pyigyidagun Site 81,Tada-U,21.634887,95.798224,reinforced_concrete,pancake,2,0.54,unpaved,awaiting_rescue,2026-07-04T07:07:03.410948+00:00,"reinforced concrete structure fully down, pancake pattern. Neighbors report 2 residents missing. Strong smell of gas nearby."
S0082,Pyigyidagun Site 82,Sagaing,21.998108,96.014716,reinforced_concrete,v-shape,2,0.47,damaged,awaiting_rescue,2026-07-04T08:18:03.410948+00:00,"reinforced concrete structure fully down, v-shape pattern. Neighbors report 2 residents missing. Strong smell of gas nearby."
S0083,Myitnge Site 83,Aungmyethazan,21.950058,96.127889,steel_frame,lean-to,2,0.43,paved,awaiting_rescue,2026-07-04T04:41:03.410948+00:00,"Partial lean-to collapse of steel frame apartment block. Around 2 trapped, tapping sounds confirmed on second floor slab."
S0084,Myitnge Site 84,Aungmyethazan,21.942434,96.031,steel_frame,pancake,2,0.58,paved,awaiting_rescue,2026-07-04T06:05:03.410948+00:00,"Partial pancake collapse of steel frame apartment block. Around 2 trapped, tapping sounds confirmed on second floor slab."
S0085,Sagaing Site 85,Aungmyethazan,21.792771,96.505791,timber,lean-to,5,0.49,damaged,awaiting_rescue,2026-07-04T04:29:03.410948+00:00,"Residential timber home, lean-to collapse. Family of 5 not evacuated. Water pipe burst flooding the basement void."
S0086,Kyaukse Site 86,Chanayethazan,21.739977,96.352336,reinforced_concrete,pancake,1,0.59,unpaved,awaiting_rescue,2026-07-04T05:14:03.410948+00:00,"Residential reinforced concrete home, pancake collapse. Family of 1 not evacuated. Water pipe burst flooding the basement void."
S0087,Amarapura Site 87,Tada-U,21.946005,96.1076,timber,pancake,2,0.61,paved,awaiting_rescue,2026-07-04T05:33:03.410948+00:00,"Market hall timber, pancake failure of roof. Vendors estimate 2 people under the structure. Aftershock risk, wall leaning."
S0088,Mahaaungmye Site 88,Chanmyathazi,21.909617,96.01111,mixed,cantilever,20,0.47,unpaved,awaiting_rescue,2026-07-04T06:57:03.410948+00:00,School building (mixed) collapsed in cantilever configuration. Estimated 20 children and staff unaccounted for. Access road cracked.
S0089,Aungmyethazan Site 89,Tada-U,21.736325,96.242826,timber,lean-to,11,0.57,damaged,awaiting_rescue,2026-07-04T04:50:03.410948+00:00,"Multi-story timber building, lean-to collapse. Voices heard from rubble. 11 people believed inside. Dust and debris blocking main road."
S0090,Tada-U Site 90,Amarapura,21.930386,96.146993,reinforced_concrete,lean-to,6,0.47,paved,awaiting_rescue,2026-07-04T06:03:03.410948+00:00,"Market hall reinforced concrete, lean-to failure of roof. Vendors estimate 6 people under the structure. Aftershock risk, wall leaning."
S0091,Aungmyethazan Site 91,Sagaing,21.732882,95.708295,steel_frame,cantilever,2,0.28,paved,awaiting_rescue,2026-07-04T05:15:03.410948+00:00,"Multi-story steel frame building, cantilever collapse. Voices heard from rubble. 2 people believed inside. Dust and debris blocking main road."
S0092,Singu Site 92,Chanmyathazi,21.901459,96.097829,brick_masonry,lean-to,17,0.69,paved,awaiting_rescue,2026-07-04T08:40:03.410948+00:00,"Residential brick masonry home, lean-to collapse. Family of 17 not evacuated. Water pipe burst flooding the basement void."
S0093,Amarapura Site 93,Mahaaungmye,22.084412,96.380027,brick_masonry,cantilever,1,0.3,unpaved,awaiting_rescue,2026-07-04T05:55:03.410948+00:00,"brick masonry structure fully down, cantilever pattern. Neighbors report 1 residents missing. Strong smell of gas nearby."
S0094,Kyaukse Site 94,Kyaukse,21.851234,96.439315,brick_masonry,pancake,1,0.61,paved,awaiting_rescue,2026-07-04T07:56:03.410948+00:00,"brick masonry structure fully down, pancake pattern. Neighbors report 1 residents missing. Strong smell of gas nearby."
S0095,Pyigyidagun Site 95,Amarapura,21.85531,96.155777,reinforced_concrete,pancake,4,0.59,paved,awaiting_rescue,2026-07-04T08:47:03.410948+00:00,"reinforced concrete structure fully down, pancake pattern. Neighbors report 4 residents missing. Strong smell of gas nearby."
S0096,Chanmyathazi Site 96,Chanayethazan,22.192835,96.172781,reinforced_concrete,cantilever,26,0.56,paved,awaiting_rescue,2026-07-04T05:33:03.410948+00:00,"Multi-story reinforced concrete building, cantilever collapse. Voices heard from rubble. 26 people believed inside. Dust and debris blocking main road."
S0097,Sagaing Site 97,Amarapura,22.021164,96.109757,reinforced_concrete,lean-to,1,0.4,unpaved,awaiting_rescue,2026-07-04T05:02:03.410948+00:00,School building (reinforced concrete) collapsed in lean-to configuration. Estimated 1 children and staff unaccounted for. Access road cracked.
S0098,Chanayethazan Site 98,Chanayethazan,21.874271,96.089992,mixed,pancake,9,0.78,paved,awaiting_rescue,2026-07-04T08:30:03.410948+00:00,"Residential mixed home, pancake collapse. Family of 9 not evacuated. Water pipe burst flooding the basement void."
S0099,Chanmyathazi Site 99,Aungmyethazan,22.240393,96.024822,reinforced_concrete,v-shape,3,0.51,unpaved,awaiting_rescue,2026-07-04T06:48:03.410948+00:00,"Multi-story reinforced concrete building, v-shape collapse. Voices heard from rubble. 3 people believed inside. Dust and debris blocking main road."
S0100,Mahaaungmye Site 100,Kyaukse,21.977257,96.138424,brick_masonry,v-shape,2,0.46,paved,awaiting_rescue,2026-07-04T07:44:03.410948+00:00,"Residential brick masonry home, v-shape collapse. Family of 2 not evacuated. Water pipe burst flooding the basement void."
S0101,Mahaaungmye Site 101,Amarapura,22.016954,96.140443,reinforced_concrete,lean-to,1,0.39,paved,awaiting_rescue,2026-07-04T07:56:03.410948+00:00,"Residential reinforced concrete home, lean-to collapse. Family of 1 not evacuated. Water pipe burst flooding the basement void."
S0102,Singu Site 102,Amarapura,21.994499,96.059876,reinforced_concrete,cantilever,1,0.31,paved,awaiting_rescue,2026-07-04T04:51:03.410948+00:00,"Residential reinforced concrete home, cantilever collapse. Family of 1 not evacuated. Water pipe burst flooding the basement void."
S0103,Chanayethazan Site 103,Aungmyethazan,22.004506,96.164484,brick_masonry,lean-to,1,0.39,damaged,awaiting_rescue,2026-07-04T07:40:03.410948+00:00,"Residential brick masonry home, lean-to collapse. Family of 1 not evacuated. Water pipe burst flooding the basement void."
S0104,Myitnge Site 104,Pyigyidagun,21.926723,96.107215,reinforced_concrete,v-shape,1,0.4,paved,awaiting_rescue,2026-07-04T08:48:03.410948+00:00,"Partial v-shape collapse of reinforced concrete apartment block. Around 1 trapped, tapping sounds confirmed on second floor slab."
S0105,Singu Site 105,Aungmyethazan,22.238656,96.502829,steel_frame,v-shape,6,0.48,paved,awaiting_rescue,2026-07-04T06:20:03.410948+00:00,"Partial v-shape collapse of steel frame apartment block. Around 6 trapped, tapping sounds confirmed on second floor slab."
S0106,Pyigyidagun Site 106,Patheingyi,21.838008,95.811337,reinforced_concrete,v-shape,1,0.46,paved,awaiting_rescue,2026-07-04T04:19:03.410948+00:00,"Market hall reinforced concrete, v-shape failure of roof. Vendors estimate 1 people under the structure. Aftershock risk, wall leaning."
S0107,Chanayethazan Site 107,Kyaukse,21.924399,96.058889,timber,v-shape,5,0.47,paved,awaiting_rescue,2026-07-04T04:30:03.410948+00:00,"Market hall timber, v-shape failure of roof. Vendors estimate 5 people under the structure. Aftershock risk, wall leaning."
S0108,Kyaukse Site 108,Kyaukse,21.9465,96.071434,brick_masonry,lean-to,1,0.41,paved,awaiting_rescue,2026-07-04T07:00:03.410948+00:00,"Partial lean-to collapse of brick masonry apartment block. Around 1 trapped, tapping sounds confirmed on second floor slab."
S0109,Aungmyethazan Site 109,Amarapura,21.964624,96.044559,reinforced_concrete,cantilever,1,0.25,unpaved,awaiting_rescue,2026-07-04T05:52:03.410948+00:00,"Partial cantilever collapse of reinforced concrete apartment block. Around 1 trapped, tapping sounds confirmed on second floor slab."
S0110,Chanayethazan Site 110,Patheingyi,21.958235,96.072978,reinforced_concrete,lean-to,1,0.41,paved,awaiting_rescue,2026-07-04T07:05:03.410948+00:00,"Residential reinforced concrete home, lean-to collapse. Family of 1 not evacuated. Water pipe burst flooding the basement void."
S0111,Chanmyathazi Site 111,Myitnge,22.049862,96.173287,brick_masonry,v-shape,7,0.53,paved,awaiting_rescue,2026-07-04T05:02:03.410948+00:00,"Partial v-shape collapse of brick masonry apartment block. Around 7 trapped, tapping sounds confirmed on second floor slab."
S0112,Singu Site 112,Amarapura,21.999797,96.056982,brick_masonry,pancake,3,0.6,paved,awaiting_rescue,2026-07-04T04:44:03.410948+00:00,"Partial pancake collapse of brick masonry apartment block. Around 3 trapped, tapping sounds confirmed on second floor slab."
S0113,Chanmyathazi Site 113,Pyigyidagun,22.01915,95.990612,brick_masonry,lean-to,1,0.43,unpaved,awaiting_rescue,2026-07-04T07:03:03.410948+00:00,"Residential brick masonry home, lean-to collapse. Family of 1 not evacuated. Water pipe burst flooding the basement void."
S0114,Myitnge Site 114,Sagaing,21.906036,96.013192,reinforced_concrete,v-shape,1,0.48,paved,awaiting_rescue,2026-07-04T08:16:03.410948+00:00,"Market hall reinforced concrete, v-shape failure of roof. Vendors estimate 1 people under the structure. Aftershock risk, wall leaning."
S0115,Kyaukse Site 115,Aungmyethazan,22.041405,96.122344,mixed,lean-to,21,0.71,paved,awaiting_rescue,2026-07-04T07:49:03.410948+00:00,School building (mixed) collapsed in lean-to configuration. Estimated 21 children and staff unaccounted for. Access road cracked.
S0116,Myitnge Site 116,Myitnge,22.032924,95.960017,reinforced_concrete,lean-to,1,0.39,paved,awaiting_rescue,2026-07-04T06:30:03.410948+00:00,"Multi-story reinforced concrete building, lean-to collapse. Voices heard from rubble. 1 people believed inside. Dust and debris blocking main road."
S0117,Tada-U Site 117,Chanmyathazi,21.950738,96.101728,timber,cantilever,3,0.33,paved,awaiting_rescue,2026-07-04T05:40:03.410948+00:00,School building (timber) collapsed in cantilever configuration. Estimated 3 children and staff unaccounted for. Access road cracked.
S0118,Sagaing Site 118,Tada-U,21.918684,96.360213,steel_frame,cantilever,1,0.3,unpaved,awaiting_rescue,2026-07-04T04:24:03.410948+00:00,School building (steel frame) collapsed in cantilever configuration. Estimated 1 children and staff unaccounted for. Access road cracked.
S0119,Tada-U Site 119,Kyaukse,21.885015,96.059539,reinforced_concrete,lean-to,2,0.43,paved,awaiting_rescue,2026-07-04T06:55:03.410948+00:00,"Multi-story reinforced concrete building, lean-to collapse. Voices heard from rubble. 2 people believed inside. Dust and debris blocking main road."
S0120,Kyaukse Site 120,Singu,21.905177,96.170836,mixed,v-shape,1,0.4,damaged,awaiting_rescue,2026-07-04T05:16:03.410948+00:00,"Partial v-shape collapse of mixed apartment block. Around 1 trapped, tapping sounds confirmed on second floor slab."
S0121,Kyaukse Site 121,Tada-U,21.878573,96.137652,reinforced_concrete,v-shape,6,0.51,unpaved,awaiting_rescue,2026-07-04T05:09:03.410948+00:00,"Residential reinforced concrete home, v-shape collapse. Family of 6 not evacuated. Water pipe burst flooding the basement void."
S0122,Chanmyathazi Site 122,Mahaaungmye,21.995655,96.091073,reinforced_concrete,lean-to,18,0.67,paved,awaiting_rescue,2026-07-04T08:12:03.410948+00:00,"reinforced concrete structure fully down, lean-to pattern. Neighbors report 18 residents missing. Strong smell of gas nearby."
S0123,Chanmyathazi Site 123,Chanmyathazi,22.021096,96.090888,brick_masonry,v-shape,4,0.51,unpaved,awaiting_rescue,2026-07-04T05:11:03.410948+00:00,"brick masonry structure fully down, v-shape pattern. Neighbors report 4 residents missing. Strong smell of gas nearby."
S0124,Aungmyethazan Site 124,Singu,22.178609,96.358537,reinforced_concrete,lean-to,3,0.46,damaged,awaiting_rescue,2026-07-04T06:05:03.410948+00:00,"Market hall reinforced concrete, lean-to failure of roof. Vendors estimate 3 people under the structure. Aftershock risk, wall leaning."
S0125,Aungmyethazan Site 125,Patheingyi,21.743127,95.861697,mixed,v-shape,14,0.63,damaged,awaiting_rescue,2026-07-04T08:56:03.410948+00:00,School building (mixed) collapsed in v-shape configuration. Estimated 14 children and staff unaccounted for. Access road cracked.
S0126,Mahaaungmye Site 126,Singu,21.941213,96.010532,reinforced_concrete,v-shape,12,0.59,damaged,awaiting_rescue,2026-07-04T08:10:03.410948+00:00,"Market hall reinforced concrete, v-shape failure of roof. Vendors estimate 12 people under the structure. Aftershock risk, wall leaning."
S0127,Sagaing Site 127,Amarapura,22.243529,95.901709,timber,lean-to,14,0.58,paved,awaiting_rescue,2026-07-04T07:47:03.410948+00:00,"timber structure fully down, lean-to pattern. Neighbors report 14 residents missing. Strong smell of gas nearby."
S0128,Kyaukse Site 128,Amarapura,21.889797,95.998824,brick_masonry,lean-to,1,0.38,damaged,awaiting_rescue,2026-07-04T06:47:03.410948+00:00,"Residential brick masonry home, lean-to collapse. Family of 1 not evacuated. Water pipe burst flooding the basement void."
S0129,Chanayethazan Site 129,Aungmyethazan,21.664962,95.903293,steel_frame,v-shape,1,0.46,unpaved,awaiting_rescue,2026-07-04T07:53:03.410948+00:00,"Multi-story steel frame building, v-shape collapse. Voices heard from rubble. 1 people believed inside. Dust and debris blocking main road."
S0130,Kyaukse Site 130,Myitnge,21.88302,96.191448,brick_masonry,lean-to,8,0.49,paved,awaiting_rescue,2026-07-04T05:06:03.410948+00:00,School building (brick masonry) collapsed in lean-to configuration. Estimated 8 children and staff unaccounted for. Access road cracked.
S0131,Myitnge Site 131,Amarapura,21.874661,96.183293,brick_masonry,pancake,4,0.6,paved,awaiting_rescue,2026-07-04T05:17:03.410948+00:00,"Multi-story brick masonry building, pancake collapse. Voices heard from rubble. 4 people believed inside. Dust and debris blocking main road."
S0132,Tada-U Site 132,Chanayethazan,21.940761,96.127315,reinforced_concrete,cantilever,1,0.28,unpaved,awaiting_rescue,2026-07-04T08:23:03.410948+00:00,"Market hall reinforced concrete, cantilever failure of roof. Vendors estimate 1 people under the structure. Aftershock risk, wall leaning."
S0133,Kyaukse Site 133,Mahaaungmye,21.952343,96.120642,mixed,lean-to,1,0.44,paved,awaiting_rescue,2026-07-04T07:00:03.410948+00:00,"Residential mixed home, lean-to collapse. Family of 1 not evacuated. Water pipe burst flooding the basement void."
S0134,Kyaukse Site 134,Chanmyathazi,22.149492,95.943083,reinforced_concrete,lean-to,10,0.52,damaged,awaiting_rescue,2026-07-04T08:01:03.410948+00:00,School building (reinforced concrete) collapsed in lean-to configuration. Estimated 10 children and staff unaccounted for. Access road cracked.
S0135,Tada-U Site 135,Patheingyi,21.604557,96.329894,brick_masonry,lean-to,1,0.38,unpaved,awaiting_rescue,2026-07-04T04:25:03.410948+00:00,"Partial lean-to collapse of brick masonry apartment block. Around 1 trapped, tapping sounds confirmed on second floor slab."
S0136,Patheingyi Site 136,Patheingyi,21.99369,95.874029,timber,pancake,2,0.61,unpaved,awaiting_rescue,2026-07-04T06:53:03.410948+00:00,"Partial pancake collapse of timber apartment block. Around 2 trapped, tapping sounds confirmed on second floor slab."
S0137,Singu Site 137,Patheingyi,22.278776,95.990272,mixed,lean-to,4,0.5,unpaved,awaiting_rescue,2026-07-04T08:29:03.410948+00:00,"Multi-story mixed building, lean-to collapse. Voices heard from rubble. 4 people believed inside. Dust and debris blocking main road."
S0138,Patheingyi Site 138,Chanmyathazi,21.980952,96.164041,brick_masonry,lean-to,1,0.42,paved,awaiting_rescue,2026-07-04T06:40:03.410948+00:00,"Residential brick masonry home, lean-to collapse. Family of 1 not evacuated. Water pipe burst flooding the basement void."
S0139,Patheingyi Site 139,Amarapura,21.926702,95.982702,steel_frame,lean-to,37,0.77,paved,awaiting_rescue,2026-07-04T04:33:03.410948+00:00,"Residential steel frame home, lean-to collapse. Family of 37 not evacuated. Water pipe burst flooding the basement void."
S0140,Amarapura Site 140,Amarapura,22.012832,96.01005,reinforced_concrete,cantilever,6,0.33,paved,awaiting_rescue,2026-07-04T05:08:03.410948+00:00,"Residential reinforced concrete home, cantilever collapse. Family of 6 not evacuated. Water pipe burst flooding the basement void."
S0141,Patheingyi Site 141,Amarapura,21.973339,96.113534,timber,cantilever,2,0.32,paved,awaiting_rescue,2026-07-04T08:57:03.410948+00:00,"Partial cantilever collapse of timber apartment block. Around 2 trapped, tapping sounds confirmed on second floor slab."
S0142,Sagaing Site 142,Pyigyidagun,21.904662,95.99923,timber,lean-to,2,0.43,unpaved,awaiting_rescue,2026-07-04T06:18:03.410948+00:00,"Residential timber home, lean-to collapse. Family of 2 not evacuated. Water pipe burst flooding the basement void."
S0143,Amarapura Site 143,Kyaukse,21.784943,96.452203,brick_masonry,pancake,11,0.78,damaged,awaiting_rescue,2026-07-04T07:51:03.410948+00:00,"Residential brick masonry home, pancake collapse. Family of 11 not evacuated. Water pipe burst flooding the basement void."
S0144,Pyigyidagun Site 144,Mahaaungmye,21.864733,96.098904,steel_frame,cantilever,7,0.39,unpaved,awaiting_rescue,2026-07-04T05:33:03.410948+00:00,"Market hall steel frame, cantilever failure of roof. Vendors estimate 7 people under the structure. Aftershock risk, wall leaning."
S0145,Mahaaungmye Site 145,Aungmyethazan,22.19561,95.859576,brick_masonry,lean-to,5,0.47,paved,awaiting_rescue,2026-07-04T08:46:03.410948+00:00,"Multi-story brick masonry building, lean-to collapse. Voices heard from rubble. 5 people believed inside. Dust and debris blocking main road."
S0146,Sagaing Site 146,Kyaukse,22.005705,96.08414,brick_masonry,lean-to,5,0.43,unpaved,awaiting_rescue,2026-07-04T06:46:03.410948+00:00,School building (brick masonry) collapsed in lean-to configuration. Estimated 5 children and staff unaccounted for. Access road cracked.
S0147,Mahaaungmye Site 147,Tada-U,21.87844,96.165602,brick_masonry,v-shape,8,0.52,damaged,awaiting_rescue,2026-07-04T08:21:03.410948+00:00,"Multi-story brick masonry building, v-shape collapse. Voices heard from rubble. 8 people believed inside. Dust and debris blocking main road."
S0148,Tada-U Site 148,Aungmyethazan,21.886293,96.04787,timber,lean-to,16,0.69,paved,awaiting_rescue,2026-07-04T04:44:03.410948+00:00,"Residential timber home, lean-to collapse. Family of 16 not evacuated. Water pipe burst flooding the basement void."
S0149,Chanayethazan Site 149,Chanayethazan,21.916167,96.096883,brick_masonry,pancake,17,0.89,paved,awaiting_rescue,2026-07-04T09:13:03.410948+00:00,"Market hall brick masonry, pancake failure of roof. Vendors estimate 17 people under the structure. Aftershock risk, wall leaning."
S0150,Tada-U Site 150,Aungmyethazan,22.055783,96.15211,reinforced_concrete,pancake,5,0.66,paved,awaiting_rescue,2026-07-04T04:19:03.410948+00:00,"Residential reinforced concrete home, pancake collapse. Family of 5 not evacuated. Water pipe burst flooding the basement void."
S0151,Sagaing Site 151,Pyigyidagun,21.91601,96.029787,steel_frame,lean-to,3,0.46,paved,awaiting_rescue,2026-07-04T05:24:03.410948+00:00,School building (steel frame) collapsed in lean-to configuration. Estimated 3 children and staff unaccounted for. Access road cracked.
S0152,Amarapura Site 152,Pyigyidagun,21.881755,96.173142,brick_masonry,cantilever,2,0.28,paved,awaiting_rescue,2026-07-04T07:13:03.410948+00:00,"Multi-story brick masonry building, cantilever collapse. Voices heard from rubble. 2 people believed inside. Dust and debris blocking main road."
S0153,Amarapura Site 153,Myitnge,21.908524,96.030494,reinforced_concrete,lean-to,2,0.43,damaged,awaiting_rescue,2026-07-04T06:11:03.410948+00:00,"reinforced concrete structure fully down, lean-to pattern. Neighbors report 2 residents missing. Strong smell of gas nearby."
S0154,Sagaing Site 154,Pyigyidagun,21.707314,95.792101,mixed,lean-to,12,0.58,damaged,awaiting_rescue,2026-07-04T04:50:03.410948+00:00,"Market hall mixed, lean-to failure of roof. Vendors estimate 12 people under the structure. Aftershock risk, wall leaning."
S0155,Patheingyi Site 155,Chanmyathazi,21.926994,95.984605,brick_masonry,cantilever,6,0.33,paved,awaiting_rescue,2026-07-04T08:38:03.410948+00:00,"Multi-story brick masonry building, cantilever collapse. Voices heard from rubble. 6 people believed inside. Dust and debris blocking main road."
S0156,Tada-U Site 156,Sagaing,22.143266,96.319141,brick_masonry,lean-to,5,0.44,unpaved,awaiting_rescue,2026-07-04T08:47:03.410948+00:00,School building (brick masonry) collapsed in lean-to configuration. Estimated 5 children and staff unaccounted for. Access road cracked.
S0157,Chanmyathazi Site 157,Pyigyidagun,21.780195,96.515509,timber,pancake,22,1.0,unpaved,awaiting_rescue,2026-07-04T06:57:03.410948+00:00,"Partial pancake collapse of timber apartment block. Around 22 trapped, tapping sounds confirmed on second floor slab."
S0158,Chanmyathazi Site 158,Amarapura,21.937478,95.982214,reinforced_concrete,v-shape,9,0.58,unpaved,awaiting_rescue,2026-07-04T05:20:03.410948+00:00,"Market hall reinforced concrete, v-shape failure of roof. Vendors estimate 9 people under the structure. Aftershock risk, wall leaning."
S0159,Myitnge Site 159,Aungmyethazan,21.811662,95.995774,brick_masonry,cantilever,5,0.33,unpaved,awaiting_rescue,2026-07-04T08:24:03.410948+00:00,"Residential brick masonry home, cantilever collapse. Family of 5 not evacuated. Water pipe burst flooding the basement void."
S0160,Kyaukse Site 160,Myitnge,21.854289,96.049865,reinforced_concrete,lean-to,2,0.46,unpaved,awaiting_rescue,2026-07-04T04:17:03.410948+00:00,"Partial lean-to collapse of reinforced concrete apartment block. Around 2 trapped, tapping sounds confirmed on second floor slab."
S0161,Chanayethazan Site 161,Myitnge,22.00667,96.108518,reinforced_concrete,v-shape,5,0.54,unpaved,awaiting_rescue,2026-07-04T05:19:03.410948+00:00,"reinforced concrete structure fully down, v-shape pattern. Neighbors report 5 residents missing. Strong smell of gas nearby."
S0162,Singu Site 162,Chanayethazan,21.642499,95.669691,brick_masonry,pancake,7,0.69,damaged,awaiting_rescue,2026-07-04T08:05:03.410948+00:00,"Residential brick masonry home, pancake collapse. Family of 7 not evacuated. Water pipe burst flooding the basement void."
S0163,Tada-U Site 163,Amarapura,21.973949,96.142183,mixed,lean-to,2,0.47,damaged,awaiting_rescue,2026-07-04T07:59:03.410948+00:00,"Partial lean-to collapse of mixed apartment block. Around 2 trapped, tapping sounds confirmed on second floor slab."
S0164,Aungmyethazan Site 164,Aungmyethazan,22.038293,96.131122,steel_frame,lean-to,3,0.48,unpaved,awaiting_rescue,2026-07-04T06:26:03.410948+00:00,"steel frame structure fully down, lean-to pattern. Neighbors report 3 residents missing. Strong smell of gas nearby."
S0165,Tada-U Site 165,Patheingyi,22.113049,96.079512,brick_masonry,v-shape,16,0.72,paved,awaiting_rescue,2026-07-04T06:31:03.410948+00:00,"Residential brick masonry home, v-shape collapse. Family of 16 not evacuated. Water pipe burst flooding the basement void."
S0166,Kyaukse Site 166,Aungmyethazan,21.873286,95.954082,timber,pancake,1,0.61,unpaved,awaiting_rescue,2026-07-04T04:44:03.410948+00:00,School building (timber) collapsed in pancake configuration. Estimated 1 children and staff unaccounted for. Access road cracked.
S0167,Kyaukse Site 167,Tada-U,21.726897,96.375021,reinforced_concrete,v-shape,1,0.4,unpaved,awaiting_rescue,2026-07-04T09:04:03.410948+00:00,"Multi-story reinforced concrete building, v-shape collapse. Voices heard from rubble. 1 people believed inside. Dust and debris blocking main road."
S0168,Patheingyi Site 168,Kyaukse,21.901035,95.99615,brick_masonry,lean-to,6,0.45,damaged,awaiting_rescue,2026-07-04T08:45:03.410948+00:00,"brick masonry structure fully down, lean-to pattern. Neighbors report 6 residents missing. Strong smell of gas nearby."
S0169,Tada-U Site 169,Singu,22.265611,96.069439,reinforced_concrete,cantilever,2,0.31,unpaved,awaiting_rescue,2026-07-04T04:49:03.410948+00:00,"reinforced concrete structure fully down, cantilever pattern. Neighbors report 2 residents missing. Strong smell of gas nearby."
S0170,Singu Site 170,Aungmyethazan,22.312856,96.44937,reinforced_concrete,cantilever,1,0.32,damaged,awaiting_rescue,2026-07-04T07:27:03.410948+00:00,"reinforced concrete structure fully down, cantilever pattern. Neighbors report 1 residents missing. Strong smell of gas nearby."
S0171,Tada-U Site 171,Sagaing,21.560909,96.148352,reinforced_concrete,cantilever,2,0.34,unpaved,awaiting_rescue,2026-07-04T08:42:03.410948+00:00,"reinforced concrete structure fully down, cantilever pattern. Neighbors report 2 residents missing. Strong smell of gas nearby."
S0172,Kyaukse Site 172,Pyigyidagun,22.025571,96.049736,timber,v-shape,7,0.49,unpaved,awaiting_rescue,2026-07-04T06:56:03.410948+00:00,"Market hall timber, v-shape failure of roof. Vendors estimate 7 people under the structure. Aftershock risk, wall leaning."
S0173,Amarapura Site 173,Pyigyidagun,22.035805,96.181409,steel_frame,lean-to,1,0.42,damaged,awaiting_rescue,2026-07-04T05:38:03.410948+00:00,School building (steel frame) collapsed in lean-to configuration. Estimated 1 children and staff unaccounted for. Access road cracked.
S0174,Pyigyidagun Site 174,Chanayethazan,21.933627,96.076717,reinforced_concrete,lean-to,5,0.48,unpaved,awaiting_rescue,2026-07-04T06:17:03.410948+00:00,"Residential reinforced concrete home, lean-to collapse. Family of 5 not evacuated. Water pipe burst flooding the basement void."
S0175,Amarapura Site 175,Myitnge,21.951318,96.009987,timber,cantilever,13,0.44,unpaved,awaiting_rescue,2026-07-04T05:04:03.410948+00:00,"Partial cantilever collapse of timber apartment block. Around 13 trapped, tapping sounds confirmed on second floor slab."
S0176,Pyigyidagun Site 176,Pyigyidagun,22.057689,96.084027,brick_masonry,cantilever,2,0.31,unpaved,awaiting_rescue,2026-07-04T08:05:03.410948+00:00,"Residential brick masonry home, cantilever collapse. Family of 2 not evacuated. Water pipe burst flooding the basement void."
S0177,Tada-U Site 177,Pyigyidagun,21.979517,96.155911,brick_masonry,lean-to,2,0.46,paved,awaiting_rescue,2026-07-04T05:01:03.410948+00:00,"Market hall brick masonry, lean-to failure of roof. Vendors estimate 2 people under the structure. Aftershock risk, wall leaning."
S0178,Chanayethazan Site 178,Sagaing,21.883092,96.049139,brick_masonry,pancake,1,0.57,damaged,awaiting_rescue,2026-07-04T04:50:03.410948+00:00,School building (brick masonry) collapsed in pancake configuration. Estimated 1 children and staff unaccounted for. Access road cracked.
S0179,Pyigyidagun Site 179,Myitnge,21.940513,96.103959,brick_masonry,v-shape,2,0.41,unpaved,awaiting_rescue,2026-07-04T06:14:03.410948+00:00,"Residential brick masonry home, v-shape collapse. Family of 2 not evacuated. Water pipe burst flooding the basement void."
S0180,Chanmyathazi Site 180,Chanmyathazi,21.942302,96.135688,brick_masonry,pancake,13,0.88,paved,awaiting_rescue,2026-07-04T08:05:03.410948+00:00,School building (brick masonry) collapsed in pancake configuration. Estimated 13 children and staff unaccounted for. Access road cracked.
S0181,Kyaukse Site 181,Tada-U,22.346638,96.216285,brick_masonry,cantilever,2,0.33,unpaved,awaiting_rescue,2026-07-04T07:17:03.410948+00:00,"Residential brick masonry home, cantilever collapse. Family of 2 not evacuated. Water pipe burst flooding the basement void."
S0182,Sagaing Site 182,Kyaukse,22.0367,96.000436,mixed,lean-to,1,0.45,unpaved,awaiting_rescue,2026-07-04T04:05:03.410948+00:00,"Partial lean-to collapse of mixed apartment block. Around 1 trapped, tapping sounds confirmed on second floor slab."
S0183,Patheingyi Site 183,Myitnge,21.897282,95.983848,reinforced_concrete,lean-to,1,0.38,paved,awaiting_rescue,2026-07-04T05:01:03.410948+00:00,"Residential reinforced concrete home, lean-to collapse. Family of 1 not evacuated. Water pipe burst flooding the basement void."
S0184,Patheingyi Site 184,Sagaing,22.269954,95.666821,reinforced_concrete,pancake,1,0.57,unpaved,awaiting_rescue,2026-07-04T04:28:03.410948+00:00,"Multi-story reinforced concrete building, pancake collapse. Voices heard from rubble. 1 people believed inside. Dust and debris blocking main road."
S0185,Kyaukse Site 185,Amarapura,21.897669,96.173664,reinforced_concrete,lean-to,2,0.45,paved,awaiting_rescue,2026-07-04T08:58:03.410948+00:00,"Market hall reinforced concrete, lean-to failure of roof. Vendors estimate 2 people under the structure. Aftershock risk, wall leaning."
S0186,Kyaukse Site 186,Kyaukse,22.040153,96.20202,brick_masonry,lean-to,1,0.41,damaged,awaiting_rescue,2026-07-04T09:06:03.410948+00:00,"brick masonry structure fully down, lean-to pattern. Neighbors report 1 residents missing. Strong smell of gas nearby."
S0187,Patheingyi Site 187,Chanmyathazi,21.957853,96.198903,mixed,v-shape,9,0.56,paved,awaiting_rescue,2026-07-04T07:37:03.410948+00:00,"Partial v-shape collapse of mixed apartment block. Around 9 trapped, tapping sounds confirmed on second floor slab."
S0188,Tada-U Site 188,Tada-U,21.937329,96.393669,brick_masonry,v-shape,9,0.62,unpaved,awaiting_rescue,2026-07-04T08:51:03.410948+00:00,School building (brick masonry) collapsed in v-shape configuration. Estimated 9 children and staff unaccounted for. Access road cracked.
S0189,Kyaukse Site 189,Myitnge,21.903202,96.020129,brick_masonry,cantilever,11,0.35,paved,awaiting_rescue,2026-07-04T05:41:03.410948+00:00,School building (brick masonry) collapsed in cantilever configuration. Estimated 11 children and staff unaccounted for. Access road cracked.
S0190,Pyigyidagun Site 190,Pyigyidagun,22.039583,96.016601,timber,v-shape,4,0.49,paved,awaiting_rescue,2026-07-04T06:54:03.410948+00:00,"Multi-story timber building, v-shape collapse. Voices heard from rubble. 4 people believed inside. Dust and debris blocking main road."
S0191,Patheingyi Site 191,Sagaing,21.648516,96.524647,brick_masonry,pancake,5,0.62,unpaved,awaiting_rescue,2026-07-04T06:06:03.410948+00:00,"Partial pancake collapse of brick masonry apartment block. Around 5 trapped, tapping sounds confirmed on second floor slab."
S0192,Pyigyidagun Site 192,Amarapura,21.92837,96.033665,brick_masonry,lean-to,1,0.45,unpaved,awaiting_rescue,2026-07-04T08:04:03.410948+00:00,"Partial lean-to collapse of brick masonry apartment block. Around 1 trapped, tapping sounds confirmed on second floor slab."
S0193,Amarapura Site 193,Pyigyidagun,21.860576,96.173746,timber,pancake,4,0.64,paved,awaiting_rescue,2026-07-04T07:37:03.410948+00:00,"timber structure fully down, pancake pattern. Neighbors report 4 residents missing. Strong smell of gas nearby."
S0194,Amarapura Site 194,Chanmyathazi,22.030878,96.088938,timber,v-shape,1,0.47,paved,awaiting_rescue,2026-07-04T08:15:03.410948+00:00,"Residential timber home, v-shape collapse. Family of 1 not evacuated. Water pipe burst flooding the basement void."
S0195,Chanayethazan Site 195,Chanayethazan,21.968864,96.015644,steel_frame,cantilever,18,0.47,damaged,awaiting_rescue,2026-07-04T04:42:03.410948+00:00,"Residential steel frame home, cantilever collapse. Family of 18 not evacuated. Water pipe burst flooding the basement void."
S0196,Chanayethazan Site 196,Tada-U,22.032864,96.026661,timber,pancake,4,0.62,unpaved,awaiting_rescue,2026-07-04T08:11:03.410948+00:00,"Multi-story timber building, pancake collapse. Voices heard from rubble. 4 people believed inside. Dust and debris blocking main road."
S0197,Mahaaungmye Site 197,Mahaaungmye,21.853254,96.095939,reinforced_concrete,cantilever,1,0.31,unpaved,awaiting_rescue,2026-07-04T07:44:03.410948+00:00,"reinforced concrete structure fully down, cantilever pattern. Neighbors report 1 residents missing. Strong smell of gas nearby."
S0198,Singu Site 198,Pyigyidagun,21.902793,96.116948,reinforced_concrete,lean-to,9,0.49,paved,awaiting_rescue,2026-07-04T07:31:03.410948+00:00,"reinforced concrete structure fully down, lean-to pattern. Neighbors report 9 residents missing. Strong smell of gas nearby."
S0199,Kyaukse Site 199,Chanayethazan,22.029732,95.991597,mixed,v-shape,1,0.43,unpaved,awaiting_rescue,2026-07-04T07:17:03.410948+00:00,"Multi-story mixed building, v-shape collapse. Voices heard from rubble. 1 people believed inside. Dust and debris blocking main road."
S0200,Pyigyidagun Site 200,Singu,21.620437,96.390172,brick_masonry,lean-to,22,0.79,damaged,awaiting_rescue,2026-07-04T08:34:03.410948+00:00,"brick masonry structure fully down, lean-to pattern. Neighbors report 22 residents missing. Strong smell of gas nearby."
S0201,Chanayethazan Site 201,Pyigyidagun,21.938935,95.693775,reinforced_concrete,cantilever,13,0.42,paved,awaiting_rescue,2026-07-04T04:20:03.410948+00:00,"Partial cantilever collapse of reinforced concrete apartment block. Around 13 trapped, tapping sounds confirmed on second floor slab."
S0202,Amarapura Site 202,Patheingyi,22.013342,96.138553,brick_masonry,pancake,1,0.54,unpaved,awaiting_rescue,2026-07-04T07:23:03.410948+00:00,"Market hall brick masonry, pancake failure of roof. Vendors estimate 1 people under the structure. Aftershock risk, wall leaning."
S0203,Amarapura Site 203,Myitnge,21.666868,96.514974,timber,lean-to,21,0.69,unpaved,awaiting_rescue,2026-07-04T07:47:03.410948+00:00,"Multi-story timber building, lean-to collapse. Voices heard from rubble. 21 people believed inside. Dust and debris blocking main road."
S0204,Patheingyi Site 204,Patheingyi,22.327604,95.999042,timber,pancake,1,0.61,unpaved,awaiting_rescue,2026-07-04T08:15:03.410948+00:00,"Market hall timber, pancake failure of roof. Vendors estimate 1 people under the structure. Aftershock risk, wall leaning."
S0205,Kyaukse Site 205,Chanmyathazi,21.977368,96.061218,timber,lean-to,1,0.36,paved,awaiting_rescue,2026-07-04T06:21:03.410948+00:00,"Residential timber home, lean-to collapse. Family of 1 not evacuated. Water pipe burst flooding the basement void."
S0206,Sagaing Site 206,Tada-U,21.810161,95.746076,reinforced_concrete,lean-to,2,0.4,paved,awaiting_rescue,2026-07-04T05:11:03.410948+00:00,School building (reinforced concrete) collapsed in lean-to configuration. Estimated 2 children and staff unaccounted for. Access road cracked.
S0207,Patheingyi Site 207,Mahaaungmye,21.938918,95.97896,brick_masonry,pancake,5,0.63,paved,awaiting_rescue,2026-07-04T07:21:03.410948+00:00,School building (brick masonry) collapsed in pancake configuration. Estimated 5 children and staff unaccounted for. Access road cracked.
S0208,Chanmyathazi Site 208,Mahaaungmye,22.007073,96.518682,reinforced_concrete,lean-to,6,0.45,unpaved,awaiting_rescue,2026-07-04T06:21:03.410948+00:00,School building (reinforced concrete) collapsed in lean-to configuration. Estimated 6 children and staff unaccounted for. Access road cracked.
S0209,Sagaing Site 209,Mahaaungmye,21.910359,96.042544,timber,lean-to,17,0.69,unpaved,awaiting_rescue,2026-07-04T08:17:03.410948+00:00,"timber structure fully down, lean-to pattern. Neighbors report 17 residents missing. Strong smell of gas nearby."
S0210,Myitnge Site 210,Chanmyathazi,21.852155,96.064849,steel_frame,lean-to,11,0.56,unpaved,awaiting_rescue,2026-07-04T07:44:03.410948+00:00,"Residential steel frame home, lean-to collapse. Family of 11 not evacuated. Water pipe burst flooding the basement void."
S0211,Amarapura Site 211,Patheingyi,21.981116,96.134504,brick_masonry,pancake,3,0.59,damaged,awaiting_rescue,2026-07-04T08:15:03.410948+00:00,"brick masonry structure fully down, pancake pattern. Neighbors report 3 residents missing. Strong smell of gas nearby."
S0212,Sagaing Site 212,Singu,22.020609,96.057717,mixed,pancake,35,1.0,paved,awaiting_rescue,2026-07-04T08:45:03.410948+00:00,"Residential mixed home, pancake collapse. Family of 35 not evacuated. Water pipe burst flooding the basement void."
S0213,Aungmyethazan Site 213,Kyaukse,22.023164,96.16612,reinforced_concrete,cantilever,9,0.39,unpaved,awaiting_rescue,2026-07-04T05:15:03.410948+00:00,"reinforced concrete structure fully down, cantilever pattern. Neighbors report 9 residents missing. Strong smell of gas nearby."
S0214,Singu Site 214,Tada-U,21.942179,96.060502,brick_masonry,v-shape,5,0.51,paved,awaiting_rescue,2026-07-04T07:38:03.410948+00:00,"Partial v-shape collapse of brick masonry apartment block. Around 5 trapped, tapping sounds confirmed on second floor slab."
S0215,Kyaukse Site 215,Patheingyi,22.0484,95.998282,reinforced_concrete,v-shape,1,0.45,damaged,awaiting_rescue,2026-07-04T08:52:03.410948+00:00,"Residential reinforced concrete home, v-shape collapse. Family of 1 not evacuated. Water pipe burst flooding the basement void."
S0216,Pyigyidagun Site 216,Sagaing,21.822257,96.347366,reinforced_concrete,pancake,1,0.59,unpaved,awaiting_rescue,2026-07-04T08:49:03.410948+00:00,"Market hall reinforced concrete, pancake failure of roof. Vendors estimate 1 people under the structure. Aftershock risk, wall leaning."
S0217,Mahaaungmye Site 217,Singu,21.950814,96.130845,timber,pancake,36,1.0,paved,awaiting_rescue,2026-07-04T06:35:03.410948+00:00,"Multi-story timber building, pancake collapse. Voices heard from rubble. 36 people believed inside. Dust and debris blocking main road."
S0218,Chanayethazan Site 218,Singu,21.918128,96.078715,reinforced_concrete,lean-to,3,0.43,paved,awaiting_rescue,2026-07-04T07:55:03.410948+00:00,"Partial lean-to collapse of reinforced concrete apartment block. Around 3 trapped, tapping sounds confirmed on second floor slab."
S0219,Tada-U Site 219,Patheingyi,22.034298,96.123502,timber,pancake,24,1.0,unpaved,awaiting_rescue,2026-07-04T05:33:03.410948+00:00,"Partial pancake collapse of timber apartment block. Around 24 trapped, tapping sounds confirmed on second floor slab."
S0220,Patheingyi Site 220,Chanayethazan,21.741386,96.006317,reinforced_concrete,v-shape,3,0.43,unpaved,awaiting_rescue,2026-07-04T05:45:03.410948+00:00,School building (reinforced concrete) collapsed in v-shape configuration. Estimated 3 children and staff unaccounted for. Access road cracked.
S0221,Sagaing Site 221,Mahaaungmye,21.720247,96.309087,steel_frame,pancake,1,0.6,unpaved,awaiting_rescue,2026-07-04T05:39:03.410948+00:00,"steel frame structure fully down, pancake pattern. Neighbors report 1 residents missing. Strong smell of gas nearby."
S0222,Myitnge Site 222,Chanmyathazi,22.037208,96.095543,brick_masonry,v-shape,5,0.52,paved,awaiting_rescue,2026-07-04T07:02:03.410948+00:00,School building (brick masonry) collapsed in v-shape configuration. Estimated 5 children and staff unaccounted for. Access road cracked.
S0223,Singu Site 223,Chanmyathazi,22.125818,95.912504,brick_masonry,pancake,1,0.52,paved,awaiting_rescue,2026-07-04T06:40:03.410948+00:00,"Partial pancake collapse of brick masonry apartment block. Around 1 trapped, tapping sounds confirmed on second floor slab."
S0224,Aungmyethazan Site 224,Chanmyathazi,21.941122,96.004908,brick_masonry,pancake,6,0.69,unpaved,awaiting_rescue,2026-07-04T05:32:03.410948+00:00,School building (brick masonry) collapsed in pancake configuration. Estimated 6 children and staff unaccounted for. Access road cracked.
S0225,Kyaukse Site 225,Sagaing,22.032743,96.116862,steel_frame,cantilever,3,0.27,damaged,awaiting_rescue,2026-07-04T07:20:03.410948+00:00,"Market hall steel frame, cantilever failure of roof. Vendors estimate 3 people under the structure. Aftershock risk, wall leaning."
S0226,Pyigyidagun Site 226,Tada-U,21.957011,96.137956,brick_masonry,pancake,4,0.66,paved,awaiting_rescue,2026-07-04T05:56:03.410948+00:00,"Partial pancake collapse of brick masonry apartment block. Around 4 trapped, tapping sounds confirmed on second floor slab."
S0227,Tada-U Site 227,Chanayethazan,22.019501,96.104363,timber,lean-to,4,0.46,unpaved,awaiting_rescue,2026-07-04T06:21:03.410948+00:00,"Partial lean-to collapse of timber apartment block. Around 4 trapped, tapping sounds confirmed on second floor slab."
S0228,Mahaaungmye Site 228,Sagaing,21.911259,95.843714,brick_masonry,v-shape,6,0.5,unpaved,awaiting_rescue,2026-07-04T04:20:03.410948+00:00,"Partial v-shape collapse of brick masonry apartment block. Around 6 trapped, tapping sounds confirmed on second floor slab."
S0229,Pyigyidagun Site 229,Pyigyidagun,21.648572,96.361017,reinforced_concrete,v-shape,7,0.58,paved,awaiting_rescue,2026-07-04T07:43:03.410948+00:00,"reinforced concrete structure fully down, v-shape pattern. Neighbors report 7 residents missing. Strong smell of gas nearby."
S0230,Kyaukse Site 230,Mahaaungmye,22.015617,96.117244,brick_masonry,pancake,23,1.0,unpaved,awaiting_rescue,2026-07-04T08:57:03.410948+00:00,"Market hall brick masonry, pancake failure of roof. Vendors estimate 23 people under the structure. Aftershock risk, wall leaning."
S0231,Amarapura Site 231,Pyigyidagun,22.012874,96.068547,reinforced_concrete,lean-to,6,0.51,paved,awaiting_rescue,2026-07-04T05:11:03.410948+00:00,"Residential reinforced concrete home, lean-to collapse. Family of 6 not evacuated. Water pipe burst flooding the basement void."
S0232,Aungmyethazan Site 232,Singu,22.101693,96.07991,brick_masonry,lean-to,3,0.43,unpaved,awaiting_rescue,2026-07-04T04:51:03.410948+00:00,"Residential brick masonry home, lean-to collapse. Family of 3 not evacuated. Water pipe burst flooding the basement void."
S0233,Amarapura Site 233,Mahaaungmye,21.852641,96.481649,brick_masonry,pancake,8,0.74,unpaved,awaiting_rescue,2026-07-04T07:58:03.410948+00:00,"Residential brick masonry home, pancake collapse. Family of 8 not evacuated. Water pipe burst flooding the basement void."
S0234,Sagaing Site 234,Amarapura,21.875867,96.497233,steel_frame,lean-to,2,0.4,unpaved,awaiting_rescue,2026-07-04T08:44:03.410948+00:00,"Market hall steel frame, lean-to failure of roof. Vendors estimate 2 people under the structure. Aftershock risk, wall leaning."
S0235,Patheingyi Site 235,Pyigyidagun,22.171438,95.693235,brick_masonry,cantilever,1,0.32,unpaved,awaiting_rescue,2026-07-04T05:24:03.410948+00:00,"Multi-story brick masonry building, cantilever collapse. Voices heard from rubble. 1 people believed inside. Dust and debris blocking main road."
S0236,Kyaukse Site 236,Kyaukse,22.290752,96.422272,brick_masonry,cantilever,12,0.36,unpaved,awaiting_rescue,2026-07-04T07:08:03.410948+00:00,"Partial cantilever collapse of brick masonry apartment block. Around 12 trapped, tapping sounds confirmed on second floor slab."
S0237,Chanmyathazi Site 237,Myitnge,21.936387,96.043883,timber,pancake,6,0.7,paved,awaiting_rescue,2026-07-04T04:04:03.410948+00:00,"Multi-story timber building, pancake collapse. Voices heard from rubble. 6 people believed inside. Dust and debris blocking main road."
S0238,Patheingyi Site 238,Mahaaungmye,21.997715,95.975014,timber,cantilever,26,0.54,paved,awaiting_rescue,2026-07-04T05:11:03.410948+00:00,"timber structure fully down, cantilever pattern. Neighbors report 26 residents missing. Strong smell of gas nearby."
S0239,Chanmyathazi Site 239,Mahaaungmye,21.636444,95.926372,steel_frame,pancake,8,0.75,unpaved,awaiting_rescue,2026-07-04T05:12:03.410948+00:00,"Residential steel frame home, pancake collapse. Family of 8 not evacuated. Water pipe burst flooding the basement void."
S0240,Pyigyidagun Site 240,Mahaaungmye,21.852524,96.123978,brick_masonry,v-shape,5,0.47,unpaved,awaiting_rescue,2026-07-04T07:34:03.410948+00:00,School building (brick masonry) collapsed in v-shape configuration. Estimated 5 children and staff unaccounted for. Access road cracked.
S0241,Pyigyidagun Site 241,Tada-U,21.666919,95.760554,timber,lean-to,3,0.47,unpaved,awaiting_rescue,2026-07-04T06:10:03.410948+00:00,"Multi-story timber building, lean-to collapse. Voices heard from rubble. 3 people believed inside. Dust and debris blocking main road."
S0242,Pyigyidagun Site 242,Singu,22.006623,96.039096,mixed,pancake,11,0.83,paved,awaiting_rescue,2026-07-04T05:49:03.410948+00:00,"Market hall mixed, pancake failure of roof. Vendors estimate 11 people under the structure. Aftershock risk, wall leaning."
S0243,Amarapura Site 243,Amarapura,21.990404,96.155081,timber,pancake,2,0.56,paved,awaiting_rescue,2026-07-04T09:08:03.410948+00:00,"Multi-story timber building, pancake collapse. Voices heard from rubble. 2 people believed inside. Dust and debris blocking main road."
S0244,Chanayethazan Site 244,Aungmyethazan,22.036814,96.104998,brick_masonry,v-shape,8,0.61,paved,awaiting_rescue,2026-07-04T04:41:03.410948+00:00,"Multi-story brick masonry building, v-shape collapse. Voices heard from rubble. 8 people believed inside. Dust and debris blocking main road."
S0245,Kyaukse Site 245,Tada-U,22.050168,96.193414,brick_masonry,lean-to,7,0.53,unpaved,awaiting_rescue,2026-07-04T07:40:03.410948+00:00,"Multi-story brick masonry building, lean-to collapse. Voices heard from rubble. 7 people believed inside. Dust and debris blocking main road."
S0246,Kyaukse Site 246,Kyaukse,21.883704,95.99229,reinforced_concrete,cantilever,21,0.47,paved,awaiting_rescue,2026-07-04T06:51:03.410948+00:00,"Residential reinforced concrete home, cantilever collapse. Family of 21 not evacuated. Water pipe burst flooding the basement void."
S0247,Chanayethazan Site 247,Aungmyethazan,21.917756,96.074566,mixed,pancake,1,0.6,paved,awaiting_rescue,2026-07-04T05:03:03.410948+00:00,"Market hall mixed, pancake failure of roof. Vendors estimate 1 people under the structure. Aftershock risk, wall leaning."
S0248,Aungmyethazan Site 248,Chanmyathazi,21.992973,96.013691,reinforced_concrete,pancake,1,0.56,paved,awaiting_rescue,2026-07-04T07:01:03.410948+00:00,"Residential reinforced concrete home, pancake collapse. Family of 1 not evacuated. Water pipe burst flooding the basement void."
S0249,Aungmyethazan Site 249,Singu,22.012806,96.175926,timber,pancake,13,0.82,paved,awaiting_rescue,2026-07-04T07:43:03.410948+00:00,"Multi-story timber building, pancake collapse. Voices heard from rubble. 13 people believed inside. Dust and debris blocking main road."
S0250,Myitnge Site 250,Kyaukse,22.062205,96.085741,brick_masonry,pancake,11,0.75,unpaved,awaiting_rescue,2026-07-04T05:24:03.410948+00:00,"Multi-story brick masonry building, pancake collapse. Voices heard from rubble. 11 people believed inside. Dust and debris blocking main road."
S0251,Chanayethazan Site 251,Tada-U,21.738587,96.096794,reinforced_concrete,cantilever,1,0.28,damaged,awaiting_rescue,2026-07-04T07:20:03.410948+00:00,"reinforced concrete structure fully down, cantilever pattern. Neighbors report 1 residents missing. Strong smell of gas nearby."
S0252,Tada-U Site 252,Kyaukse,22.13233,96.224848,reinforced_concrete,pancake,14,0.84,unpaved,awaiting_rescue,2026-07-04T04:43:03.410948+00:00,"Multi-story reinforced concrete building, pancake collapse. Voices heard from rubble. 14 people believed inside. Dust and debris blocking main road."
S0253,Amarapura Site 253,Mahaaungmye,21.698809,96.354434,mixed,cantilever,1,0.28,damaged,awaiting_rescue,2026-07-04T06:28:03.410948+00:00,"Partial cantilever collapse of mixed apartment block. Around 1 trapped, tapping sounds confirmed on second floor slab."
S0254,Singu Site 254,Tada-U,21.852415,96.019509,brick_masonry,lean-to,5,0.47,damaged,awaiting_rescue,2026-07-04T09:06:03.410948+00:00,"brick masonry structure fully down, lean-to pattern. Neighbors report 5 residents missing. Strong smell of gas nearby."
S0255,Kyaukse Site 255,Patheingyi,21.752146,95.658741,brick_masonry,pancake,2,0.62,damaged,awaiting_rescue,2026-07-04T04:08:03.410948+00:00,"Multi-story brick masonry building, pancake collapse. Voices heard from rubble. 2 people believed inside. Dust and debris blocking main road."
S0256,Chanayethazan Site 256,Pyigyidagun,22.143028,95.743807,brick_masonry,pancake,4,0.59,unpaved,awaiting_rescue,2026-07-04T05:16:03.410948+00:00,"Multi-story brick masonry building, pancake collapse. Voices heard from rubble. 4 people believed inside. Dust and debris blocking main road."
S0257,Mahaaungmye Site 257,Myitnge,21.974821,96.264206,brick_masonry,cantilever,1,0.24,unpaved,awaiting_rescue,2026-07-04T05:12:03.410948+00:00,School building (brick masonry) collapsed in cantilever configuration. Estimated 1 children and staff unaccounted for. Access road cracked.
S0258,Pyigyidagun Site 258,Mahaaungmye,21.944742,96.197026,reinforced_concrete,lean-to,2,0.45,paved,awaiting_rescue,2026-07-04T06:51:03.410948+00:00,"Partial lean-to collapse of reinforced concrete apartment block. Around 2 trapped, tapping sounds confirmed on second floor slab."
S0259,Sagaing Site 259,Aungmyethazan,21.663756,96.324625,reinforced_concrete,pancake,3,0.59,unpaved,awaiting_rescue,2026-07-04T05:05:03.410948+00:00,"reinforced concrete structure fully down, pancake pattern. Neighbors report 3 residents missing. Strong smell of gas nearby."
S0260,Chanmyathazi Site 260,Mahaaungmye,22.035012,95.993877,steel_frame,lean-to,7,0.51,unpaved,awaiting_rescue,2026-07-04T05:54:03.410948+00:00,"Partial lean-to collapse of steel frame apartment block. Around 7 trapped, tapping sounds confirmed on second floor slab."
S0261,Singu Site 261,Tada-U,22.338584,95.998642,reinforced_concrete,lean-to,10,0.52,damaged,awaiting_rescue,2026-07-04T07:31:03.410948+00:00,"Market hall reinforced concrete, lean-to failure of roof. Vendors estimate 10 people under the structure. Aftershock risk, wall leaning."
S0262,Amarapura Site 262,Kyaukse,21.950593,96.159753,reinforced_concrete,pancake,10,0.81,paved,awaiting_rescue,2026-07-04T05:10:03.410948+00:00,School building (reinforced concrete) collapsed in pancake configuration. Estimated 10 children and staff unaccounted for. Access road cracked.
S0263,Amarapura Site 263,Mahaaungmye,21.990083,96.10824,reinforced_concrete,cantilever,1,0.24,unpaved,awaiting_rescue,2026-07-04T07:51:03.410948+00:00,"Multi-story reinforced concrete building, cantilever collapse. Voices heard from rubble. 1 people believed inside. Dust and debris blocking main road."
S0264,Chanmyathazi Site 264,Aungmyethazan,21.950366,96.011911,brick_masonry,cantilever,3,0.26,paved,awaiting_rescue,2026-07-04T07:42:03.410948+00:00,"brick masonry structure fully down, cantilever pattern. Neighbors report 3 residents missing. Strong smell of gas nearby."
S0265,Aungmyethazan Site 265,Patheingyi,22.041702,95.98091,brick_masonry,pancake,2,0.58,paved,awaiting_rescue,2026-07-04T08:45:03.410948+00:00,"Multi-story brick masonry building, pancake collapse. Voices heard from rubble. 2 people believed inside. Dust and debris blocking main road."
S0266,Sagaing Site 266,Tada-U,21.893818,96.178528,brick_masonry,v-shape,9,0.61,unpaved,awaiting_rescue,2026-07-04T07:19:03.410948+00:00,"Partial v-shape collapse of brick masonry apartment block. Around 9 trapped, tapping sounds confirmed on second floor slab."
S0267,Chanayethazan Site 267,Sagaing,21.832341,96.146337,brick_masonry,lean-to,1,0.42,damaged,awaiting_rescue,2026-07-04T04:19:03.410948+00:00,"Partial lean-to collapse of brick masonry apartment block. Around 1 trapped, tapping sounds confirmed on second floor slab."
S0268,Myitnge Site 268,Patheingyi,22.016496,96.205254,mixed,pancake,6,0.65,unpaved,awaiting_rescue,2026-07-04T04:32:03.410948+00:00,"mixed structure fully down, pancake pattern. Neighbors report 6 residents missing. Strong smell of gas nearby."
S0269,Amarapura Site 269,Myitnge,22.032145,96.169361,reinforced_concrete,v-shape,9,0.6,paved,awaiting_rescue,2026-07-04T09:06:03.410948+00:00,"Residential reinforced concrete home, v-shape collapse. Family of 9 not evacuated. Water pipe burst flooding the basement void."
S0270,Pyigyidagun Site 270,Myitnge,21.972445,96.016617,mixed,cantilever,4,0.3,paved,awaiting_rescue,2026-07-04T08:15:03.410948+00:00,"Multi-story mixed building, cantilever collapse. Voices heard from rubble. 4 people believed inside. Dust and debris blocking main road."
S0271,Myitnge Site 271,Singu,21.964519,95.973014,mixed,pancake,1,0.58,paved,awaiting_rescue,2026-07-04T06:49:03.410948+00:00,"mixed structure fully down, pancake pattern. Neighbors report 1 residents missing. Strong smell of gas nearby."
S0272,Aungmyethazan Site 272,Amarapura,22.181259,96.391176,steel_frame,cantilever,2,0.34,unpaved,awaiting_rescue,2026-07-04T07:26:03.410948+00:00,"Partial cantilever collapse of steel frame apartment block. Around 2 trapped, tapping sounds confirmed on second floor slab."
S0273,Amarapura Site 273,Pyigyidagun,21.884747,96.193417,timber,cantilever,6,0.3,unpaved,awaiting_rescue,2026-07-04T08:51:03.410948+00:00,"Market hall timber, cantilever failure of roof. Vendors estimate 6 people under the structure. Aftershock risk, wall leaning."
S0274,Chanayethazan Site 274,Chanmyathazi,22.02679,96.060825,timber,lean-to,1,0.36,paved,awaiting_rescue,2026-07-04T08:57:03.410948+00:00,"Market hall timber, lean-to failure of roof. Vendors estimate 1 people under the structure. Aftershock risk, wall leaning."
S0275,Chanmyathazi Site 275,Kyaukse,22.049835,96.197797,reinforced_concrete,v-shape,16,0.66,paved,awaiting_rescue,2026-07-04T04:43:03.410948+00:00,"Partial v-shape collapse of reinforced concrete apartment block. Around 16 trapped, tapping sounds confirmed on second floor slab."
S0276,Aungmyethazan Site 276,Mahaaungmye,21.625335,96.271285,brick_masonry,cantilever,3,0.28,unpaved,awaiting_rescue,2026-07-04T06:11:03.410948+00:00,"Partial cantilever collapse of brick masonry apartment block. Around 3 trapped, tapping sounds confirmed on second floor slab."
S0277,Sagaing Site 277,Myitnge,21.592433,96.035238,brick_masonry,pancake,3,0.65,unpaved,awaiting_rescue,2026-07-04T07:03:03.410948+00:00,"Multi-story brick masonry building, pancake collapse. Voices heard from rubble. 3 people believed inside. Dust and debris blocking main road."
S0278,Patheingyi Site 278,Chanmyathazi,21.999267,96.010671,reinforced_concrete,cantilever,2,0.27,paved,awaiting_rescue,2026-07-04T04:57:03.410948+00:00,"reinforced concrete structure fully down, cantilever pattern. Neighbors report 2 residents missing. Strong smell of gas nearby."
S0279,Chanmyathazi Site 279,Myitnge,21.996946,96.4362,reinforced_concrete,v-shape,5,0.51,unpaved,awaiting_rescue,2026-07-04T04:19:03.410948+00:00,"Residential reinforced concrete home, v-shape collapse. Family of 5 not evacuated. Water pipe burst flooding the basement void."
S0280,Aungmyethazan Site 280,Pyigyidagun,21.680776,95.741461,reinforced_concrete,pancake,7,0.72,unpaved,awaiting_rescue,2026-07-04T08:40:03.410948+00:00,"Partial pancake collapse of reinforced concrete apartment block. Around 7 trapped, tapping sounds confirmed on second floor slab."
S0281,Chanayethazan Site 281,Pyigyidagun,21.935644,96.100646,brick_masonry,pancake,1,0.52,paved,awaiting_rescue,2026-07-04T09:11:03.410948+00:00,"Multi-story brick masonry building, pancake collapse. Voices heard from rubble. 1 people believed inside. Dust and debris blocking main road."
S0282,Patheingyi Site 282,Chanmyathazi,21.913786,95.991904,steel_frame,lean-to,3,0.44,paved,awaiting_rescue,2026-07-04T06:19:03.410948+00:00,"Market hall steel frame, lean-to failure of roof. Vendors estimate 3 people under the structure. Aftershock risk, wall leaning."
S0283,Kyaukse Site 283,Mahaaungmye,21.933167,96.016233,reinforced_concrete,lean-to,1,0.44,paved,awaiting_rescue,2026-07-04T08:52:03.410948+00:00,"Residential reinforced concrete home, lean-to collapse. Family of 1 not evacuated. Water pipe burst flooding the basement void."
S0284,Kyaukse Site 284,Sagaing,21.925025,96.098737,mixed,v-shape,4,0.52,paved,awaiting_rescue,2026-07-04T08:31:03.410948+00:00,"Market hall mixed, v-shape failure of roof. Vendors estimate 4 people under the structure. Aftershock risk, wall leaning."
S0285,Myitnge Site 285,Chanmyathazi,21.901642,96.042335,brick_masonry,cantilever,1,0.29,unpaved,awaiting_rescue,2026-07-04T08:28:03.410948+00:00,"Residential brick masonry home, cantilever collapse. Family of 1 not evacuated. Water pipe burst flooding the basement void."
S0286,Patheingyi Site 286,Pyigyidagun,22.014408,96.013047,mixed,cantilever,9,0.33,paved,awaiting_rescue,2026-07-04T07:40:03.410948+00:00,"Residential mixed home, cantilever collapse. Family of 9 not evacuated. Water pipe burst flooding the basement void."
S0287,Amarapura Site 287,Aungmyethazan,22.061956,96.380389,reinforced_concrete,cantilever,14,0.38,unpaved,awaiting_rescue,2026-07-04T07:22:03.410948+00:00,"Market hall reinforced concrete, cantilever failure of roof. Vendors estimate 14 people under the structure. Aftershock risk, wall leaning."
S0288,Myitnge Site 288,Mahaaungmye,22.048997,95.975729,timber,v-shape,9,0.54,paved,awaiting_rescue,2026-07-04T05:20:03.410948+00:00,"Market hall timber, v-shape failure of roof. Vendors estimate 9 people under the structure. Aftershock risk, wall leaning."
S0289,Myitnge Site 289,Sagaing,22.009625,95.741228,reinforced_concrete,lean-to,2,0.41,unpaved,awaiting_rescue,2026-07-04T07:20:03.410948+00:00,"Market hall reinforced concrete, lean-to failure of roof. Vendors estimate 2 people under the structure. Aftershock risk, wall leaning."
S0290,Singu Site 290,Sagaing,21.910241,96.006299,brick_masonry,v-shape,1,0.48,unpaved,awaiting_rescue,2026-07-04T06:53:03.410948+00:00,"Multi-story brick masonry building, v-shape collapse. Voices heard from rubble. 1 people believed inside. Dust and debris blocking main road."
S0291,Chanmyathazi Site 291,Aungmyethazan,22.280717,95.67082,steel_frame,lean-to,1,0.41,damaged,awaiting_rescue,2026-07-04T04:54:03.410948+00:00,"steel frame structure fully down, lean-to pattern. Neighbors report 1 residents missing. Strong smell of gas nearby."
S0292,Singu Site 292,Sagaing,21.912673,96.373166,reinforced_concrete,lean-to,6,0.46,damaged,awaiting_rescue,2026-07-04T05:52:03.410948+00:00,School building (reinforced concrete) collapsed in lean-to configuration. Estimated 6 children and staff unaccounted for. Access road cracked.
S0293,Myitnge Site 293,Chanayethazan,22.256521,96.368976,brick_masonry,pancake,2,0.59,damaged,awaiting_rescue,2026-07-04T05:13:03.410948+00:00,"Market hall brick masonry, pancake failure of roof. Vendors estimate 2 people under the structure. Aftershock risk, wall leaning."
S0294,Tada-U Site 294,Patheingyi,22.03992,96.019522,reinforced_concrete,pancake,1,0.55,paved,awaiting_rescue,2026-07-04T05:45:03.410948+00:00,School building (reinforced concrete) collapsed in pancake configuration. Estimated 1 children and staff unaccounted for. Access road cracked.
S0295,Chanmyathazi Site 295,Aungmyethazan,21.877475,95.97996,brick_masonry,v-shape,1,0.47,unpaved,awaiting_rescue,2026-07-04T09:04:03.410948+00:00,"Partial v-shape collapse of brick masonry apartment block. Around 1 trapped, tapping sounds confirmed on second floor slab."
S0296,Pyigyidagun Site 296,Aungmyethazan,22.111922,95.901715,brick_masonry,pancake,5,0.7,unpaved,awaiting_rescue,2026-07-04T05:57:03.410948+00:00,"Residential brick masonry home, pancake collapse. Family of 5 not evacuated. Water pipe burst flooding the basement void."
S0297,Pyigyidagun Site 297,Aungmyethazan,21.961672,96.173873,mixed,v-shape,3,0.44,unpaved,awaiting_rescue,2026-07-04T05:32:03.410948+00:00,"Multi-story mixed building, v-shape collapse. Voices heard from rubble. 3 people believed inside. Dust and debris blocking main road."
S0298,Aungmyethazan Site 298,Kyaukse,22.054585,96.13856,timber,lean-to,13,0.64,paved,awaiting_rescue,2026-07-04T07:59:03.410948+00:00,School building (timber) collapsed in lean-to configuration. Estimated 13 children and staff unaccounted for. Access road cracked.
S0299,Aungmyethazan Site 299,Aungmyethazan,21.985526,96.108742,reinforced_concrete,cantilever,20,0.53,unpaved,awaiting_rescue,2026-07-04T08:51:03.410948+00:00,"Market hall reinforced concrete, cantilever failure of roof. Vendors estimate 20 people under the structure. Aftershock risk, wall leaning."
S0300,Pyigyidagun Site 300,Chanayethazan,21.954852,96.051037,reinforced_concrete,lean-to,1,0.42,paved,awaiting_rescue,2026-07-04T06:36:03.410948+00:00,"Market hall reinforced concrete, lean-to failure of roof. Vendors estimate 1 people under the structure. Aftershock risk, wall leaning."
