team_id,team_type,org_type,lat,lon,home_township,status,capabilities,equipment
team_0000,Heavy,ngo,21.997678,95.643231,Myinmu,on_site,"[""structural_shoring"", ""heavy_lifting"", ""confined_space"", ""crane_operations""]","[{""item_name"": ""50T Crane"", ""quantity"": 1, ""condition"": ""operational""}, {""item_name"": ""Hydraulic Spreader"", ""quantity"": 4, ""condition"": ""operational""}, {""item_name"": ""Concrete Breaker"", ""quantity"": 2, ""condition"": ""operational""}, {""item_name"": ""Pneumatic Lift Bags"", ""quantity"": 6, ""condition"": ""operational""}]"
team_0001,Heavy,ngo,21.79816,96.074155,Sagaing,resting,"[""structural_shoring"", ""heavy_lifting"", ""confined_space"", ""crane_operations""]","[{""item_name"": ""50T Crane"", ""quantity"": 1, ""condition"": ""operational""}, {""item_name"": ""Hydraulic Spreader"", ""quantity"": 4, ""condition"": ""operational""}, {""item_name"": ""Concrete Breaker"", ""quantity"": 2, ""condition"": ""damaged""}, {""item_name"": ""Pneumatic Lift Bags"", ""quantity"": 6, ""condition"": ""operational""}]"
team_0002,Light,national_rescue_dept,22.56103,95.66135,Shwebo,en_route,"[""search_and_triage"", ""first_aid"", ""canine""]","[{""item_name"": ""Hand Tools Kit"", ""quantity"": 5, ""condition"": ""operational""}, {""item_name"": ""Search Camera (Snake)"", ""quantity"": 1, ""condition"": ""operational""}, {""item_name"": ""Listening Device"", ""quantity"": 1, ""condition"": ""damaged""}, {""item_name"": ""First Aid Kit"", ""quantity"": 3, ""condition"": ""operational""}]"
team_0003,Heavy,national_rescue_dept,22.472861,95.651041,Shwebo,available,"[""structural_shoring"", ""heavy_lifting"", ""confined_space"", ""crane_operations""]","[{""item_name"": ""50T Crane"", ""quantity"": 1, ""condition"": ""operational""}, {""item_name"": ""Hydraulic Spreader"", ""quantity"": 4, ""condition"": ""operational""}, {""item_name"": ""Concrete Breaker"", ""quantity"": 2, ""condition"": ""operational""}, {""item_name"": ""Pneumatic Lift Bags"", ""quantity"": 6, ""condition"": ""operational""}]"
team_0004,Medium,national_rescue_dept,21.967933,95.939841,Sagaing,available,"[""structural_shoring"", ""confined_space"", ""canine""]","[{""item_name"": ""Hydraulic Spreader"", ""quantity"": 2, ""condition"": ""operational""}, {""item_name"": ""Cribbing Set"", ""quantity"": 3, ""condition"": ""operational""}, {""item_name"": ""Thermal Imaging Camera"", ""quantity"": 1, ""condition"": ""operational""}, {""item_name"": ""Rescue Struts"", ""quantity"": 4, ""condition"": ""operational""}]"
team_0005,Light,ngo,21.824774,96.043737,Sagaing,en_route,"[""search_and_triage"", ""first_aid"", ""canine""]","[{""item_name"": ""Hand Tools Kit"", ""quantity"": 5, ""condition"": ""operational""}, {""item_name"": ""Search Camera (Snake)"", ""quantity"": 1, ""condition"": ""operational""}, {""item_name"": ""Listening Device"", ""quantity"": 1, ""condition"": ""operational""}, {""item_name"": ""First Aid Kit"", ""quantity"": 3, ""condition"": ""damaged""}]"
team_0006,Medium,national_rescue_dept,22.644703,95.663726,Shwebo,available,"[""structural_shoring"", ""confined_space"", ""canine""]","[{""item_name"": ""Hydraulic Spreader"", ""quantity"": 2, ""condition"": ""operational""}, {""item_name"": ""Cribbing Set"", ""quantity"": 3, ""condition"": ""operational""}, {""item_name"": ""Thermal Imaging Camera"", ""quantity"": 1, ""condition"": ""operational""}, {""item_name"": ""Rescue Struts"", ""quantity"": 4, ""condition"": ""operational""}]"
team_0007,Light,national_rescue_dept,23.134414,95.549283,Kanbalu,available,"[""search_and_triage"", ""first_aid"", ""canine""]","[{""item_name"": ""Hand Tools Kit"", ""quantity"": 5, ""condition"": ""operational""}, {""item_name"": ""Search Camera (Snake)"", ""quantity"": 1, ""condition"": ""missing""}, {""item_name"": ""Listening Device"", ""quantity"": 1, ""condition"": ""operational""}, {""item_name"": ""First Aid Kit"", ""quantity"": 3, ""condition"": ""operational""}]"
team_0008,Heavy,ngo,22.209799,95.109034,Monywa,available,"[""structural_shoring"", ""heavy_lifting"", ""confined_space"", ""crane_operations""]","[{""item_name"": ""50T Crane"", ""quantity"": 1, ""condition"": ""missing""}, {""item_name"": ""Hydraulic Spreader"", ""quantity"": 4, ""condition"": ""operational""}, {""item_name"": ""Concrete Breaker"", ""quantity"": 2, ""condition"": ""operational""}, {""item_name"": ""Pneumatic Lift Bags"", ""quantity"": 6, ""condition"": ""operational""}]"
team_0009,Medium,ngo,21.817803,96.013777,Sagaing,en_route,"[""structural_shoring"", ""confined_space"", ""canine""]","[{""item_name"": ""Hydraulic Spreader"", ""quantity"": 2, ""condition"": ""operational""}, {""item_name"": ""Cribbing Set"", ""quantity"": 3, ""condition"": ""operational""}, {""item_name"": ""Thermal Imaging Camera"", ""quantity"": 1, ""condition"": ""operational""}, {""item_name"": ""Rescue Struts"", ""quantity"": 4, ""condition"": ""operational""}]"
team_0010,Medium,ngo,21.943162,96.031458,Sagaing,on_site,"[""structural_shoring"", ""confined_space"", ""canine""]","[{""item_name"": ""Hydraulic Spreader"", ""quantity"": 2, ""condition"": ""missing""}, {""item_name"": ""Cribbing Set"", ""quantity"": 3, ""condition"": ""operational""}, {""item_name"": ""Thermal Imaging Camera"", ""quantity"": 1, ""condition"": ""operational""}, {""item_name"": ""Rescue Struts"", ""quantity"": 4, ""condition"": ""operational""}]"
team_0011,Light,ngo,21.811439,95.963145,Sagaing,on_site,"[""search_and_triage"", ""first_aid"", ""canine""]","[{""item_name"": ""Hand Tools Kit"", ""quantity"": 5, ""condition"": ""missing""}, {""item_name"": ""Search Camera (Snake)"", ""quantity"": 1, ""condition"": ""operational""}, {""item_name"": ""Listening Device"", ""quantity"": 1, ""condition"": ""operational""}, {""item_name"": ""First Aid Kit"", ""quantity"": 3, ""condition"": ""damaged""}]"
team_0012,Medium,ngo,22.04446,95.202932,Monywa,en_route,"[""structural_shoring"", ""confined_space"", ""canine""]","[{""item_name"": ""Hydraulic Spreader"", ""quantity"": 2, ""condition"": ""operational""}, {""item_name"": ""Cribbing Set"", ""quantity"": 3, ""condition"": ""operational""}, {""item_name"": ""Thermal Imaging Camera"", ""quantity"": 1, ""condition"": ""operational""}, {""item_name"": ""Rescue Struts"", ""quantity"": 4, ""condition"": ""operational""}]"
team_0013,Medium,national_rescue_dept,22.147906,95.706947,Myinmu,resting,"[""structural_shoring"", ""confined_space"", ""canine""]","[{""item_name"": ""Hydraulic Spreader"", ""quantity"": 2, ""condition"": ""operational""}, {""item_name"": ""Cribbing Set"", ""quantity"": 3, ""condition"": ""operational""}, {""item_name"": ""Thermal Imaging Camera"", ""quantity"": 1, ""condition"": ""operational""}, {""item_name"": ""Rescue Struts"", ""quantity"": 4, ""condition"": ""operational""}]"
team_0014,Light,ngo,21.974935,95.566914,Myinmu,resting,"[""search_and_triage"", ""first_aid"", ""canine""]","[{""item_name"": ""Hand Tools Kit"", ""quantity"": 5, ""condition"": ""operational""}, {""item_name"": ""Search Camera (Snake)"", ""quantity"": 1, ""condition"": ""operational""}, {""item_name"": ""Listening Device"", ""quantity"": 1, ""condition"": ""operational""}, {""item_name"": ""First Aid Kit"", ""quantity"": 3, ""condition"": ""operational""}]"
team_0015,Medium,national_rescue_dept,23.260306,95.499561,Kanbalu,en_route,"[""structural_shoring"", ""confined_space"", ""canine""]","[{""item_name"": ""Hydraulic Spreader"", ""quantity"": 2, ""condition"": ""operational""}, {""item_name"": ""Cribbing Set"", ""quantity"": 3, ""condition"": ""damaged""}, {""item_name"": ""Thermal Imaging Camera"", ""quantity"": 1, ""condition"": ""operational""}, {""item_name"": ""Rescue Struts"", ""quantity"": 4, ""condition"": ""operational""}]"
team_0016,Light,national_rescue_dept,22.053906,95.569395,Myinmu,en_route,"[""search_and_triage"", ""first_aid"", ""canine""]","[{""item_name"": ""Hand Tools Kit"", ""quantity"": 5, ""condition"": ""operational""}, {""item_name"": ""Search Camera (Snake)"", ""quantity"": 1, ""condition"": ""operational""}, {""item_name"": ""Listening Device"", ""quantity"": 1, ""condition"": ""operational""}, {""item_name"": ""First Aid Kit"", ""quantity"": 3, ""condition"": ""operational""}]"
team_0017,Light,national_rescue_dept,21.873837,95.987478,Sagaing,on_site,"[""search_and_triage"", ""first_aid"", ""canine""]","[{""item_name"": ""Hand Tools Kit"", ""quantity"": 5, ""condition"": ""operational""}, {""item_name"": ""Search Camera (Snake)"", ""quantity"": 1, ""condition"": ""operational""}, {""item_name"": ""Listening Device"", ""quantity"": 1, ""condition"": ""operational""}, {""item_name"": ""First Aid Kit"", ""quantity"": 3, ""condition"": ""operational""}]"
team_0018,Medium,national_rescue_dept,22.083483,95.197773,Monywa,available,"[""structural_shoring"", ""confined_space"", ""canine""]","[{""item_name"": ""Hydraulic Spreader"", ""quantity"": 2, ""condition"": ""operational""}, {""item_name"": ""Cribbing Set"", ""quantity"": 3, ""condition"": ""operational""}, {""item_name"": ""Thermal Imaging Camera"", ""quantity"": 1, ""condition"": ""operational""}, {""item_name"": ""Rescue Struts"", ""quantity"": 4, ""condition"": ""operational""}]"
team_0019,Light,national_rescue_dept,24.216228,96.397163,Katha,resting,"[""search_and_triage"", ""first_aid"", ""canine""]","[{""item_name"": ""Hand Tools Kit"", ""quantity"": 5, ""condition"": ""operational""}, {""item_name"": ""Search Camera (Snake)"", ""quantity"": 1, ""condition"": ""damaged""}, {""item_name"": ""Listening Device"", ""quantity"": 1, ""condition"": ""missing""}, {""item_name"": ""First Aid Kit"", ""quantity"": 3, ""condition"": ""operational""}]"
team_0020,Medium,national_rescue_dept,22.492568,95.635817,Shwebo,en_route,"[""structural_shoring"", ""confined_space"", ""canine""]","[{""item_name"": ""Hydraulic Spreader"", ""quantity"": 2, ""condition"": ""operational""}, {""item_name"": ""Cribbing Set"", ""quantity"": 3, ""condition"": ""operational""}, {""item_name"": ""Thermal Imaging Camera"", ""quantity"": 1, ""condition"": ""operational""}, {""item_name"": ""Rescue Struts"", ""quantity"": 4, ""condition"": ""operational""}]"
team_0021,Light,national_rescue_dept,23.180922,95.539975,Kanbalu,en_route,"[""search_and_triage"", ""first_aid"", ""canine""]","[{""item_name"": ""Hand Tools Kit"", ""quantity"": 5, ""condition"": ""operational""}, {""item_name"": ""Search Camera (Snake)"", ""quantity"": 1, ""condition"": ""operational""}, {""item_name"": ""Listening Device"", ""quantity"": 1, ""condition"": ""operational""}, {""item_name"": ""First Aid Kit"", ""quantity"": 3, ""condition"": ""operational""}]"
team_0022,Medium,ngo,22.134984,95.129897,Monywa,available,"[""structural_shoring"", ""confined_space"", ""canine""]","[{""item_name"": ""Hydraulic Spreader"", ""quantity"": 2, ""condition"": ""operational""}, {""item_name"": ""Cribbing Set"", ""quantity"": 3, ""condition"": ""operational""}, {""item_name"": ""Thermal Imaging Camera"", ""quantity"": 1, ""condition"": ""operational""}, {""item_name"": ""Rescue Struts"", ""quantity"": 4, ""condition"": ""damaged""}]"
team_0023,Medium,national_rescue_dept,21.991168,95.694866,Myinmu,resting,"[""structural_shoring"", ""confined_space"", ""canine""]","[{""item_name"": ""Hydraulic Spreader"", ""quantity"": 2, ""condition"": ""operational""}, {""item_name"": ""Cribbing Set"", ""quantity"": 3, ""condition"": ""operational""}, {""item_name"": ""Thermal Imaging Camera"", ""quantity"": 1, ""condition"": ""missing""}, {""item_name"": ""Rescue Struts"", ""quantity"": 4, ""condition"": ""operational""}]"
team_0024,Light,national_rescue_dept,24.263203,96.26018,Katha,en_route,"[""search_and_triage"", ""first_aid"", ""canine""]","[{""item_name"": ""Hand Tools Kit"", ""quantity"": 5, ""condition"": ""operational""}, {""item_name"": ""Search Camera (Snake)"", ""quantity"": 1, ""condition"": ""operational""}, {""item_name"": ""Listening Device"", ""quantity"": 1, ""condition"": ""operational""}, {""item_name"": ""First Aid Kit"", ""quantity"": 3, ""condition"": ""missing""}]"
team_0025,Light,national_rescue_dept,22.008961,95.534292,Myinmu,resting,"[""search_and_triage"", ""first_aid"", ""canine""]","[{""item_name"": ""Hand Tools Kit"", ""quantity"": 5, ""condition"": ""operational""}, {""item_name"": ""Search Camera (Snake)"", ""quantity"": 1, ""condition"": ""operational""}, {""item_name"": ""Listening Device"", ""quantity"": 1, ""condition"": ""operational""}, {""item_name"": ""First Aid Kit"", ""quantity"": 3, ""condition"": ""operational""}]"
team_0026,Medium,ngo,22.055556,95.128351,Monywa,en_route,"[""structural_shoring"", ""confined_space"", ""canine""]","[{""item_name"": ""Hydraulic Spreader"", ""quantity"": 2, ""condition"": ""missing""}, {""item_name"": ""Cribbing Set"", ""quantity"": 3, ""condition"": ""operational""}, {""item_name"": ""Thermal Imaging Camera"", ""quantity"": 1, ""condition"": ""operational""}, {""item_name"": ""Rescue Struts"", ""quantity"": 4, ""condition"": ""operational""}]"
team_0027,Medium,national_rescue_dept,24.24509,96.274293,Katha,on_site,"[""structural_shoring"", ""confined_space"", ""canine""]","[{""item_name"": ""Hydraulic Spreader"", ""quantity"": 2, ""condition"": ""operational""}, {""item_name"": ""Cribbing Set"", ""quantity"": 3, ""condition"": ""operational""}, {""item_name"": ""Thermal Imaging Camera"", ""quantity"": 1, ""condition"": ""operational""}, {""item_name"": ""Rescue Struts"", ""quantity"": 4, ""condition"": ""missing""}]"
team_0028,Light,national_rescue_dept,22.788248,95.407844,Ye-U,available,"[""search_and_triage"", ""first_aid"", ""canine""]","[{""item_name"": ""Hand Tools Kit"", ""quantity"": 5, ""condition"": ""missing""}, {""item_name"": ""Search Camera (Snake)"", ""quantity"": 1, ""condition"": ""operational""}, {""item_name"": ""Listening Device"", ""quantity"": 1, ""condition"": ""operational""}, {""item_name"": ""First Aid Kit"", ""quantity"": 3, ""condition"": ""operational""}]"
team_0029,Light,national_rescue_dept,21.958992,95.995892,Sagaing,available,"[""search_and_triage"", ""first_aid"", ""canine""]","[{""item_name"": ""Hand Tools Kit"", ""quantity"": 5, ""condition"": ""operational""}, {""item_name"": ""Search Camera (Snake)"", ""quantity"": 1, ""condition"": ""operational""}, {""item_name"": ""Listening Device"", ""quantity"": 1, ""condition"": ""operational""}, {""item_name"": ""First Aid Kit"", ""quantity"": 3, ""condition"": ""damaged""}]"
team_0030,Heavy,ngo,24.182721,96.328175,Katha,available,"[""structural_shoring"", ""heavy_lifting"", ""confined_space"", ""crane_operations""]","[{""item_name"": ""50T Crane"", ""quantity"": 1, ""condition"": ""operational""}, {""item_name"": ""Hydraulic Spreader"", ""quantity"": 4, ""condition"": ""damaged""}, {""item_name"": ""Concrete Breaker"", ""quantity"": 2, ""condition"": ""operational""}, {""item_name"": ""Pneumatic Lift Bags"", ""quantity"": 6, ""condition"": ""operational""}]"
team_0031,Light,ngo,22.098362,95.137328,Monywa,on_site,"[""search_and_triage"", ""first_aid"", ""canine""]","[{""item_name"": ""Hand Tools Kit"", ""quantity"": 5, ""condition"": ""operational""}, {""item_name"": ""Search Camera (Snake)"", ""quantity"": 1, ""condition"": ""operational""}, {""item_name"": ""Listening Device"", ""quantity"": 1, ""condition"": ""operational""}, {""item_name"": ""First Aid Kit"", ""quantity"": 3, ""condition"": ""operational""}]"
team_0032,Light,national_rescue_dept,22.174077,95.232356,Monywa,en_route,"[""search_and_triage"", ""first_aid"", ""canine""]","[{""item_name"": ""Hand Tools Kit"", ""quantity"": 5, ""condition"": ""operational""}, {""item_name"": ""Search Camera (Snake)"", ""quantity"": 1, ""condition"": ""operational""}, {""item_name"": ""Listening Device"", ""quantity"": 1, ""condition"": ""operational""}, {""item_name"": ""First Aid Kit"", ""quantity"": 3, ""condition"": ""operational""}]"
team_0033,Light,national_rescue_dept,22.52912,95.770429,Shwebo,on_site,"[""search_and_triage"", ""first_aid"", ""canine""]","[{""item_name"": ""Hand Tools Kit"", ""quantity"": 5, ""condition"": ""operational""}, {""item_name"": ""Search Camera (Snake)"", ""quantity"": 1, ""condition"": ""operational""}, {""item_name"": ""Listening Device"", ""quantity"": 1, ""condition"": ""operational""}, {""item_name"": ""First Aid Kit"", ""quantity"": 3, ""condition"": ""operational""}]"
team_0034,Medium,national_rescue_dept,22.209198,95.163507,Monywa,on_site,"[""structural_shoring"", ""confined_space"", ""canine""]","[{""item_name"": ""Hydraulic Spreader"", ""quantity"": 2, ""condition"": ""operational""}, {""item_name"": ""Cribbing Set"", ""quantity"": 3, ""condition"": ""operational""}, {""item_name"": ""Thermal Imaging Camera"", ""quantity"": 1, ""condition"": ""operational""}, {""item_name"": ""Rescue Struts"", ""quantity"": 4, ""condition"": ""operational""}]"
team_0035,Light,ngo,22.042014,95.148206,Monywa,resting,"[""search_and_triage"", ""first_aid"", ""canine""]","[{""item_name"": ""Hand Tools Kit"", ""quantity"": 5, ""condition"": ""operational""}, {""item_name"": ""Search Camera (Snake)"", ""quantity"": 1, ""condition"": ""damaged""}, {""item_name"": ""Listening Device"", ""quantity"": 1, ""condition"": ""operational""}, {""item_name"": ""First Aid Kit"", ""quantity"": 3, ""condition"": ""operational""}]"
team_0036,Light,national_rescue_dept,23.196031,94.027549,Kalay,available,"[""search_and_triage"", ""first_aid"", ""canine""]","[{""item_name"": ""Hand Tools Kit"", ""quantity"": 5, ""condition"": ""operational""}, {""item_name"": ""Search Camera (Snake)"", ""quantity"": 1, ""condition"": ""operational""}, {""item_name"": ""Listening Device"", ""quantity"": 1, ""condition"": ""damaged""}, {""item_name"": ""First Aid Kit"", ""quantity"": 3, ""condition"": ""operational""}]"
team_0037,Medium,national_rescue_dept,23.26924,94.117416,Kalay,on_site,"[""structural_shoring"", ""confined_space"", ""canine""]","[{""item_name"": ""Hydraulic Spreader"", ""quantity"": 2, ""condition"": ""operational""}, {""item_name"": ""Cribbing Set"", ""quantity"": 3, ""condition"": ""operational""}, {""item_name"": ""Thermal Imaging Camera"", ""quantity"": 1, ""condition"": ""operational""}, {""item_name"": ""Rescue Struts"", ""quantity"": 4, ""condition"": ""operational""}]"
team_0038,Light,ngo,23.261522,94.01788,Kalay,resting,"[""search_and_triage"", ""first_aid"", ""canine""]","[{""item_name"": ""Hand Tools Kit"", ""quantity"": 5, ""condition"": ""operational""}, {""item_name"": ""Search Camera (Snake)"", ""quantity"": 1, ""condition"": ""operational""}, {""item_name"": ""Listening Device"", ""quantity"": 1, ""condition"": ""operational""}, {""item_name"": ""First Aid Kit"", ""quantity"": 3, ""condition"": ""operational""}]"
team_0039,Medium,national_rescue_dept,22.052566,95.118345,Monywa,available,"[""structural_shoring"", ""confined_space"", ""canine""]","[{""item_name"": ""Hydraulic Spreader"", ""quantity"": 2, ""condition"": ""operational""}, {""item_name"": ""Cribbing Set"", ""quantity"": 3, ""condition"": ""damaged""}, {""item_name"": ""Thermal Imaging Camera"", ""quantity"": 1, ""condition"": ""operational""}, {""item_name"": ""Rescue Struts"", ""quantity"": 4, ""condition"": ""operational""}]"
team_0040,Medium,national_rescue_dept,22.123307,95.662194,Myinmu,on_site,"[""structural_shoring"", ""confined_space"", ""canine""]","[{""item_name"": ""Hydraulic Spreader"", ""quantity"": 2, ""condition"": ""operational""}, {""item_name"": ""Cribbing Set"", ""quantity"": 3, ""condition"": ""operational""}, {""item_name"": ""Thermal Imaging Camera"", ""quantity"": 1, ""condition"": ""missing""}, {""item_name"": ""Rescue Struts"", ""quantity"": 4, ""condition"": ""operational""}]"
team_0041,Light,national_rescue_dept,23.18973,94.068524,Kalay,available,"[""search_and_triage"", ""first_aid"", ""canine""]","[{""item_name"": ""Hand Tools Kit"", ""quantity"": 5, ""condition"": ""operational""}, {""item_name"": ""Search Camera (Snake)"", ""quantity"": 1, ""condition"": ""operational""}, {""item_name"": ""Listening Device"", ""quantity"": 1, ""condition"": ""operational""}, {""item_name"": ""First Aid Kit"", ""quantity"": 3, ""condition"": ""operational""}]"
team_0042,Light,national_rescue_dept,22.479405,95.709459,Shwebo,on_site,"[""search_and_triage"", ""first_aid"", ""canine""]","[{""item_name"": ""Hand Tools Kit"", ""quantity"": 5, ""condition"": ""operational""}, {""item_name"": ""Search Camera (Snake)"", ""quantity"": 1, ""condition"": ""operational""}, {""item_name"": ""Listening Device"", ""quantity"": 1, ""condition"": ""operational""}, {""item_name"": ""First Aid Kit"", ""quantity"": 3, ""condition"": ""operational""}]"
team_0043,Light,national_rescue_dept,22.057816,95.070508,Monywa,on_site,"[""search_and_triage"", ""first_aid"", ""canine""]","[{""item_name"": ""Hand Tools Kit"", ""quantity"": 5, ""condition"": ""operational""}, {""item_name"": ""Search Camera (Snake)"", ""quantity"": 1, ""condition"": ""damaged""}, {""item_name"": ""Listening Device"", ""quantity"": 1, ""condition"": ""operational""}, {""item_name"": ""First Aid Kit"", ""quantity"": 3, ""condition"": ""operational""}]"
team_0044,Light,ngo,22.117621,95.127014,Monywa,available,"[""search_and_triage"", ""first_aid"", ""canine""]","[{""item_name"": ""Hand Tools Kit"", ""quantity"": 5, ""condition"": ""operational""}, {""item_name"": ""Search Camera (Snake)"", ""quantity"": 1, ""condition"": ""operational""}, {""item_name"": ""Listening Device"", ""quantity"": 1, ""condition"": ""operational""}, {""item_name"": ""First Aid Kit"", ""quantity"": 3, ""condition"": ""damaged""}]"
team_0045,Heavy,national_rescue_dept,22.558804,95.694114,Shwebo,available,"[""structural_shoring"", ""heavy_lifting"", ""confined_space"", ""crane_operations""]","[{""item_name"": ""50T Crane"", ""quantity"": 1, ""condition"": ""operational""}, {""item_name"": ""Hydraulic Spreader"", ""quantity"": 4, ""condition"": ""missing""}, {""item_name"": ""Concrete Breaker"", ""quantity"": 2, ""condition"": ""damaged""}, {""item_name"": ""Pneumatic Lift Bags"", ""quantity"": 6, ""condition"": ""operational""}]"
team_0046,Light,national_rescue_dept,22.65801,95.74927,Shwebo,resting,"[""search_and_triage"", ""first_aid"", ""canine""]","[{""item_name"": ""Hand Tools Kit"", ""quantity"": 5, ""condition"": ""operational""}, {""item_name"": ""Search Camera (Snake)"", ""quantity"": 1, ""condition"": ""operational""}, {""item_name"": ""Listening Device"", ""quantity"": 1, ""condition"": ""operational""}, {""item_name"": ""First Aid Kit"", ""quantity"": 3, ""condition"": ""operational""}]"
team_0047,Light,ngo,21.819653,95.993199,Sagaing,en_route,"[""search_and_triage"", ""first_aid"", ""canine""]","[{""item_name"": ""Hand Tools Kit"", ""quantity"": 5, ""condition"": ""operational""}, {""item_name"": ""Search Camera (Snake)"", ""quantity"": 1, ""condition"": ""operational""}, {""item_name"": ""Listening Device"", ""quantity"": 1, ""condition"": ""operational""}, {""item_name"": ""First Aid Kit"", ""quantity"": 3, ""condition"": ""operational""}]"
team_0048,Medium,national_rescue_dept,22.760277,95.417227,Ye-U,available,"[""structural_shoring"", ""confined_space"", ""canine""]","[{""item_name"": ""Hydraulic Spreader"", ""quantity"": 2, ""condition"": ""operational""}, {""item_name"": ""Cribbing Set"", ""quantity"": 3, ""condition"": ""missing""}, {""item_name"": ""Thermal Imaging Camera"", ""quantity"": 1, ""condition"": ""operational""}, {""item_name"": ""Rescue Struts"", ""quantity"": 4, ""condition"": ""operational""}]"
team_0049,Light,national_rescue_dept,21.891141,95.932831,Sagaing,available,"[""search_and_triage"", ""first_aid"", ""canine""]","[{""item_name"": ""Hand Tools Kit"", ""quantity"": 5, ""condition"": ""operational""}, {""item_name"": ""Search Camera (Snake)"", ""quantity"": 1, ""condition"": ""operational""}, {""item_name"": ""Listening Device"", ""quantity"": 1, ""condition"": ""operational""}, {""item_name"": ""First Aid Kit"", ""quantity"": 3, ""condition"": ""operational""}]"
team_0050,Heavy,ngo,23.131329,94.075032,Kalay,resting,"[""structural_shoring"", ""heavy_lifting"", ""confined_space"", ""crane_operations""]","[{""item_name"": ""50T Crane"", ""quantity"": 1, ""condition"": ""damaged""}, {""item_name"": ""Hydraulic Spreader"", ""quantity"": 4, ""condition"": ""operational""}, {""item_name"": ""Concrete Breaker"", ""quantity"": 2, ""condition"": ""operational""}, {""item_name"": ""Pneumatic Lift Bags"", ""quantity"": 6, ""condition"": ""operational""}]"
team_0051,Heavy,ngo,24.231432,96.392186,Katha,en_route,"[""structural_shoring"", ""heavy_lifting"", ""confined_space"", ""crane_operations""]","[{""item_name"": ""50T Crane"", ""quantity"": 1, ""condition"": ""operational""}, {""item_name"": ""Hydraulic Spreader"", ""quantity"": 4, ""condition"": ""missing""}, {""item_name"": ""Concrete Breaker"", ""quantity"": 2, ""condition"": ""operational""}, {""item_name"": ""Pneumatic Lift Bags"", ""quantity"": 6, ""condition"": ""operational""}]"
team_0052,Heavy,ngo,21.91818,96.069306,Sagaing,available,"[""structural_shoring"", ""heavy_lifting"", ""confined_space"", ""crane_operations""]","[{""item_name"": ""50T Crane"", ""quantity"": 1, ""condition"": ""operational""}, {""item_name"": ""Hydraulic Spreader"", ""quantity"": 4, ""condition"": ""operational""}, {""item_name"": ""Concrete Breaker"", ""quantity"": 2, ""condition"": ""operational""}, {""item_name"": ""Pneumatic Lift Bags"", ""quantity"": 6, ""condition"": ""damaged""}]"
team_0053,Medium,national_rescue_dept,23.186044,95.630962,Kanbalu,on_site,"[""structural_shoring"", ""confined_space"", ""canine""]","[{""item_name"": ""Hydraulic Spreader"", ""quantity"": 2, ""condition"": ""operational""}, {""item_name"": ""Cribbing Set"", ""quantity"": 3, ""condition"": ""operational""}, {""item_name"": ""Thermal Imaging Camera"", ""quantity"": 1, ""condition"": ""operational""}, {""item_name"": ""Rescue Struts"", ""quantity"": 4, ""condition"": ""operational""}]"
team_0054,Heavy,national_rescue_dept,21.974059,95.928847,Sagaing,on_site,"[""structural_shoring"", ""heavy_lifting"", ""confined_space"", ""crane_operations""]","[{""item_name"": ""50T Crane"", ""quantity"": 1, ""condition"": ""operational""}, {""item_name"": ""Hydraulic Spreader"", ""quantity"": 4, ""condition"": ""operational""}, {""item_name"": ""Concrete Breaker"", ""quantity"": 2, ""condition"": ""operational""}, {""item_name"": ""Pneumatic Lift Bags"", ""quantity"": 6, ""condition"": ""operational""}]"
team_0055,Light,ngo,21.873008,95.909193,Sagaing,resting,"[""search_and_triage"", ""first_aid"", ""canine""]","[{""item_name"": ""Hand Tools Kit"", ""quantity"": 5, ""condition"": ""operational""}, {""item_name"": ""Search Camera (Snake)"", ""quantity"": 1, ""condition"": ""operational""}, {""item_name"": ""Listening Device"", ""quantity"": 1, ""condition"": ""operational""}, {""item_name"": ""First Aid Kit"", ""quantity"": 3, ""condition"": ""damaged""}]"
team_0056,Light,national_rescue_dept,22.716091,95.390323,Ye-U,en_route,"[""search_and_triage"", ""first_aid"", ""canine""]","[{""item_name"": ""Hand Tools Kit"", ""quantity"": 5, ""condition"": ""operational""}, {""item_name"": ""Search Camera (Snake)"", ""quantity"": 1, ""condition"": ""operational""}, {""item_name"": ""Listening Device"", ""quantity"": 1, ""condition"": ""operational""}, {""item_name"": ""First Aid Kit"", ""quantity"": 3, ""condition"": ""damaged""}]"
team_0057,Heavy,national_rescue_dept,21.819529,95.976313,Sagaing,available,"[""structural_shoring"", ""heavy_lifting"", ""confined_space"", ""crane_operations""]","[{""item_name"": ""50T Crane"", ""quantity"": 1, ""condition"": ""operational""}, {""item_name"": ""Hydraulic Spreader"", ""quantity"": 4, ""condition"": ""operational""}, {""item_name"": ""Concrete Breaker"", ""quantity"": 2, ""condition"": ""operational""}, {""item_name"": ""Pneumatic Lift Bags"", ""quantity"": 6, ""condition"": ""operational""}]"
team_0058,Medium,national_rescue_dept,22.650105,95.703741,Shwebo,available,"[""structural_shoring"", ""confined_space"", ""canine""]","[{""item_name"": ""Hydraulic Spreader"", ""quantity"": 2, ""condition"": ""operational""}, {""item_name"": ""Cribbing Set"", ""quantity"": 3, ""condition"": ""operational""}, {""item_name"": ""Thermal Imaging Camera"", ""quantity"": 1, ""condition"": ""operational""}, {""item_name"": ""Rescue Struts"", ""quantity"": 4, ""condition"": ""damaged""}]"
team_0059,Light,ngo,22.171072,95.155122,Monywa,resting,"[""search_and_triage"", ""first_aid"", ""canine""]","[{""item_name"": ""Hand Tools Kit"", ""quantity"": 5, ""condition"": ""operational""}, {""item_name"": ""Search Camera (Snake)"", ""quantity"": 1, ""condition"": ""operational""}, {""item_name"": ""Listening Device"", ""quantity"": 1, ""condition"": ""operational""}, {""item_name"": ""First Aid Kit"", ""quantity"": 3, ""condition"": ""operational""}]"
team_0060,Light,national_rescue_dept,21.91528,96.020365,Sagaing,available,"[""search_and_triage"", ""first_aid"", ""canine""]","[{""item_name"": ""Hand Tools Kit"", ""quantity"": 5, ""condition"": ""operational""}, {""item_name"": ""Search Camera (Snake)"", ""quantity"": 1, ""condition"": ""operational""}, {""item_name"": ""Listening Device"", ""quantity"": 1, ""condition"": ""operational""}, {""item_name"": ""First Aid Kit"", ""quantity"": 3, ""condition"": ""operational""}]"
team_0061,Heavy,national_rescue_dept,22.052753,95.061824,Monywa,available,"[""structural_shoring"", ""heavy_lifting"", ""confined_space"", ""crane_operations""]","[{""item_name"": ""50T Crane"", ""quantity"": 1, ""condition"": ""damaged""}, {""item_name"": ""Hydraulic Spreader"", ""quantity"": 4, ""condition"": ""operational""}, {""item_name"": ""Concrete Breaker"", ""quantity"": 2, ""condition"": ""operational""}, {""item_name"": ""Pneumatic Lift Bags"", ""quantity"": 6, ""condition"": ""operational""}]"
team_0062,Light,national_rescue_dept,22.167422,95.072619,Monywa,resting,"[""search_and_triage"", ""first_aid"", ""canine""]","[{""item_name"": ""Hand Tools Kit"", ""quantity"": 5, ""condition"": ""operational""}, {""item_name"": ""Search Camera (Snake)"", ""quantity"": 1, ""condition"": ""operational""}, {""item_name"": ""Listening Device"", ""quantity"": 1, ""condition"": ""operational""}, {""item_name"": ""First Aid Kit"", ""quantity"": 3, ""condition"": ""operational""}]"
team_0063,Light,national_rescue_dept,21.896184,95.934484,Sagaing,on_site,"[""search_and_triage"", ""first_aid"", ""canine""]","[{""item_name"": ""Hand Tools Kit"", ""quantity"": 5, ""condition"": ""operational""}, {""item_name"": ""Search Camera (Snake)"", ""quantity"": 1, ""condition"": ""missing""}, {""item_name"": ""Listening Device"", ""quantity"": 1, ""condition"": ""operational""}, {""item_name"": ""First Aid Kit"", ""quantity"": 3, ""condition"": ""operational""}]"
team_0064,Medium,national_rescue_dept,22.550922,95.719,Shwebo,on_site,"[""structural_shoring"", ""confined_space"", ""canine""]","[{""item_name"": ""Hydraulic Spreader"", ""quantity"": 2, ""condition"": ""missing""}, {""item_name"": ""Cribbing Set"", ""quantity"": 3, ""condition"": ""operational""}, {""item_name"": ""Thermal Imaging Camera"", ""quantity"": 1, ""condition"": ""operational""}, {""item_name"": ""Rescue Struts"", ""quantity"": 4, ""condition"": ""operational""}]"
team_0065,Heavy,national_rescue_dept,22.619755,95.679379,Shwebo,resting,"[""structural_shoring"", ""heavy_lifting"", ""confined_space"", ""crane_operations""]","[{""item_name"": ""50T Crane"", ""quantity"": 1, ""condition"": ""operational""}, {""item_name"": ""Hydraulic Spreader"", ""quantity"": 4, ""condition"": ""operational""}, {""item_name"": ""Concrete Breaker"", ""quantity"": 2, ""condition"": ""operational""}, {""item_name"": ""Pneumatic Lift Bags"", ""quantity"": 6, ""condition"": ""damaged""}]"
team_0066,Heavy,ngo,22.890663,95.352633,Ye-U,resting,"[""structural_shoring"", ""heavy_lifting"", ""confined_space"", ""crane_operations""]","[{""item_name"": ""50T Crane"", ""quantity"": 1, ""condition"": ""operational""}, {""item_name"": ""Hydraulic Spreader"", ""quantity"": 4, ""condition"": ""missing""}, {""item_name"": ""Concrete Breaker"", ""quantity"": 2, ""condition"": ""operational""}, {""item_name"": ""Pneumatic Lift Bags"", ""quantity"": 6, ""condition"": ""operational""}]"
team_0067,Light,national_rescue_dept,22.01226,95.584781,Myinmu,on_site,"[""search_and_triage"", ""first_aid"", ""canine""]","[{""item_name"": ""Hand Tools Kit"", ""quantity"": 5, ""condition"": ""operational""}, {""item_name"": ""Search Camera (Snake)"", ""quantity"": 1, ""condition"": ""operational""}, {""item_name"": ""Listening Device"", ""quantity"": 1, ""condition"": ""operational""}, {""item_name"": ""First Aid Kit"", ""quantity"": 3, ""condition"": ""operational""}]"
team_0068,Light,ngo,22.616723,95.677916,Shwebo,en_route,"[""search_and_triage"", ""first_aid"", ""canine""]","[{""item_name"": ""Hand Tools Kit"", ""quantity"": 5, ""condition"": ""operational""}, {""item_name"": ""Search Camera (Snake)"", ""quantity"": 1, ""condition"": ""operational""}, {""item_name"": ""Listening Device"", ""quantity"": 1, ""condition"": ""operational""}, {""item_name"": ""First Aid Kit"", ""quantity"": 3, ""condition"": ""operational""}]"
team_0069,Medium,national_rescue_dept,22.099128,95.675532,Myinmu,en_route,"[""structural_shoring"", ""confined_space"", ""canine""]","[{""item_name"": ""Hydraulic Spreader"", ""quantity"": 2, ""condition"": ""operational""}, {""item_name"": ""Cribbing Set"", ""quantity"": 3, ""condition"": ""operational""}, {""item_name"": ""Thermal Imaging Camera"", ""quantity"": 1, ""condition"": ""operational""}, {""item_name"": ""Rescue Struts"", ""quantity"": 4, ""condition"": ""operational""}]"
team_0070,Light,ngo,22.008921,95.677312,Myinmu,on_site,"[""search_and_triage"", ""first_aid"", ""canine""]","[{""item_name"": ""Hand Tools Kit"", ""quantity"": 5, ""condition"": ""operational""}, {""item_name"": ""Search Camera (Snake)"", ""quantity"": 1, ""condition"": ""operational""}, {""item_name"": ""Listening Device"", ""quantity"": 1, ""condition"": ""missing""}, {""item_name"": ""First Aid Kit"", ""quantity"": 3, ""condition"": ""operational""}]"
team_0071,Light,national_rescue_dept,22.492039,95.713713,Shwebo,available,"[""search_and_triage"", ""first_aid"", ""canine""]","[{""item_name"": ""Hand Tools Kit"", ""quantity"": 5, ""condition"": ""damaged""}, {""item_name"": ""Search Camera (Snake)"", ""quantity"": 1, ""condition"": ""operational""}, {""item_name"": ""Listening Device"", ""quantity"": 1, ""condition"": ""operational""}, {""item_name"": ""First Aid Kit"", ""quantity"": 3, ""condition"": ""operational""}]"
team_0072,Light,ngo,22.161152,95.211969,Monywa,available,"[""search_and_triage"", ""first_aid"", ""canine""]","[{""item_name"": ""Hand Tools Kit"", ""quantity"": 5, ""condition"": ""operational""}, {""item_name"": ""Search Camera (Snake)"", ""quantity"": 1, ""condition"": ""missing""}, {""item_name"": ""Listening Device"", ""quantity"": 1, ""condition"": ""operational""}, {""item_name"": ""First Aid Kit"", ""quantity"": 3, ""condition"": ""operational""}]"
team_0073,Medium,national_rescue_dept,21.926615,95.912181,Sagaing,available,"[""structural_shoring"", ""confined_space"", ""canine""]","[{""item_name"": ""Hydraulic Spreader"", ""quantity"": 2, ""condition"": ""operational""}, {""item_name"": ""Cribbing Set"", ""quantity"": 3, ""condition"": ""operational""}, {""item_name"": ""Thermal Imaging Camera"", ""quantity"": 1, ""condition"": ""operational""}, {""item_name"": ""Rescue Struts"", ""quantity"": 4, ""condition"": ""operational""}]"
team_0074,Heavy,national_rescue_dept,21.916156,95.999833,Sagaing,available,"[""structural_shoring"", ""heavy_lifting"", ""confined_space"", ""crane_operations""]","[{""item_name"": ""50T Crane"", ""quantity"": 1, ""condition"": ""operational""}, {""item_name"": ""Hydraulic Spreader"", ""quantity"": 4, ""condition"": ""operational""}, {""item_name"": ""Concrete Breaker"", ""quantity"": 2, ""condition"": ""operational""}, {""item_name"": ""Pneumatic Lift Bags"", ""quantity"": 6, ""condition"": ""operational""}]"
team_0075,Light,ngo,22.086819,95.62074,Myinmu,available,"[""search_and_triage"", ""first_aid"", ""canine""]","[{""item_name"": ""Hand Tools Kit"", ""quantity"": 5, ""condition"": ""operational""}, {""item_name"": ""Search Camera (Snake)"", ""quantity"": 1, ""condition"": ""operational""}, {""item_name"": ""Listening Device"", ""quantity"": 1, ""condition"": ""operational""}, {""item_name"": ""First Aid Kit"", ""quantity"": 3, ""condition"": ""damaged""}]"
team_0076,Light,national_rescue_dept,22.743315,95.482001,Ye-U,available,"[""search_and_triage"", ""first_aid"", ""canine""]","[{""item_name"": ""Hand Tools Kit"", ""quantity"": 5, ""condition"": ""operational""}, {""item_name"": ""Search Camera (Snake)"", ""quantity"": 1, ""condition"": ""operational""}, {""item_name"": ""Listening Device"", ""quantity"": 1, ""condition"": ""operational""}, {""item_name"": ""First Aid Kit"", ""quantity"": 3, ""condition"": ""operational""}]"
team_0077,Heavy,ngo,21.942742,95.954639,Sagaing,available,"[""structural_shoring"", ""heavy_lifting"", ""confined_space"", ""crane_operations""]","[{""item_name"": ""50T Crane"", ""quantity"": 1, ""condition"": ""operational""}, {""item_name"": ""Hydraulic Spreader"", ""quantity"": 4, ""condition"": ""damaged""}, {""item_name"": ""Concrete Breaker"", ""quantity"": 2, ""condition"": ""operational""}, {""item_name"": ""Pneumatic Lift Bags"", ""quantity"": 6, ""condition"": ""operational""}]"
team_0078,Heavy,ngo,22.161207,95.199088,Monywa,en_route,"[""structural_shoring"", ""heavy_lifting"", ""confined_space"", ""crane_operations""]","[{""item_name"": ""50T Crane"", ""quantity"": 1, ""condition"": ""operational""}, {""item_name"": ""Hydraulic Spreader"", ""quantity"": 4, ""condition"": ""operational""}, {""item_name"": ""Concrete Breaker"", ""quantity"": 2, ""condition"": ""operational""}, {""item_name"": ""Pneumatic Lift Bags"", ""quantity"": 6, ""condition"": ""operational""}]"
team_0079,Light,national_rescue_dept,23.141677,95.534007,Kanbalu,on_site,"[""search_and_triage"", ""first_aid"", ""canine""]","[{""item_name"": ""Hand Tools Kit"", ""quantity"": 5, ""condition"": ""operational""}, {""item_name"": ""Search Camera (Snake)"", ""quantity"": 1, ""condition"": ""damaged""}, {""item_name"": ""Listening Device"", ""quantity"": 1, ""condition"": ""missing""}, {""item_name"": ""First Aid Kit"", ""quantity"": 3, ""condition"": ""operational""}]"
team_0080,Light,ngo,21.879777,95.9895,Sagaing,available,"[""search_and_triage"", ""first_aid"", ""canine""]","[{""item_name"": ""Hand Tools Kit"", ""quantity"": 5, ""condition"": ""operational""}, {""item_name"": ""Search Camera (Snake)"", ""quantity"": 1, ""condition"": ""operational""}, {""item_name"": ""Listening Device"", ""quantity"": 1, ""condition"": ""operational""}, {""item_name"": ""First Aid Kit"", ""quantity"": 3, ""condition"": ""operational""}]"
team_0081,Medium,national_rescue_dept,22.049588,95.221204,Monywa,available,"[""structural_shoring"", ""confined_space"", ""canine""]","[{""item_name"": ""Hydraulic Spreader"", ""quantity"": 2, ""condition"": ""operational""}, {""item_name"": ""Cribbing Set"", ""quantity"": 3, ""condition"": ""operational""}, {""item_name"": ""Thermal Imaging Camera"", ""quantity"": 1, ""condition"": ""operational""}, {""item_name"": ""Rescue Struts"", ""quantity"": 4, ""condition"": ""operational""}]"
team_0082,Light,ngo,23.232477,94.020658,Kalay,on_site,"[""search_and_triage"", ""first_aid"", ""canine""]","[{""item_name"": ""Hand Tools Kit"", ""quantity"": 5, ""condition"": ""operational""}, {""item_name"": ""Search Camera (Snake)"", ""quantity"": 1, ""condition"": ""damaged""}, {""item_name"": ""Listening Device"", ""quantity"": 1, ""condition"": ""operational""}, {""item_name"": ""First Aid Kit"", ""quantity"": 3, ""condition"": ""missing""}]"
team_0083,Medium,national_rescue_dept,22.048762,95.164266,Monywa,available,"[""structural_shoring"", ""confined_space"", ""canine""]","[{""item_name"": ""Hydraulic Spreader"", ""quantity"": 2, ""condition"": ""damaged""}, {""item_name"": ""Cribbing Set"", ""quantity"": 3, ""condition"": ""operational""}, {""item_name"": ""Thermal Imaging Camera"", ""quantity"": 1, ""condition"": ""operational""}, {""item_name"": ""Rescue Struts"", ""quantity"": 4, ""condition"": ""missing""}]"
team_0084,Medium,ngo,22.04225,95.214198,Monywa,resting,"[""structural_shoring"", ""confined_space"", ""canine""]","[{""item_name"": ""Hydraulic Spreader"", ""quantity"": 2, ""condition"": ""operational""}, {""item_name"": ""Cribbing Set"", ""quantity"": 3, ""condition"": ""operational""}, {""item_name"": ""Thermal Imaging Camera"", ""quantity"": 1, ""condition"": ""operational""}, {""item_name"": ""Rescue Struts"", ""quantity"": 4, ""condition"": ""operational""}]"
team_0085,Light,ngo,22.041756,95.652199,Myinmu,en_route,"[""search_and_triage"", ""first_aid"", ""canine""]","[{""item_name"": ""Hand Tools Kit"", ""quantity"": 5, ""condition"": ""operational""}, {""item_name"": ""Search Camera (Snake)"", ""quantity"": 1, ""condition"": ""operational""}, {""item_name"": ""Listening Device"", ""quantity"": 1, ""condition"": ""operational""}, {""item_name"": ""First Aid Kit"", ""quantity"": 3, ""condition"": ""operational""}]"
team_0086,Medium,ngo,21.898319,96.052324,Sagaing,en_route,"[""structural_shoring"", ""confined_space"", ""canine""]","[{""item_name"": ""Hydraulic Spreader"", ""quantity"": 2, ""condition"": ""operational""}, {""item_name"": ""Cribbing Set"", ""quantity"": 3, ""condition"": ""operational""}, {""item_name"": ""Thermal Imaging Camera"", ""quantity"": 1, ""condition"": ""operational""}, {""item_name"": ""Rescue Struts"", ""quantity"": 4, ""condition"": ""operational""}]"
team_0087,Light,ngo,23.217545,95.504581,Kanbalu,on_site,"[""search_and_triage"", ""first_aid"", ""canine""]","[{""item_name"": ""Hand Tools Kit"", ""quantity"": 5, ""condition"": ""operational""}, {""item_name"": ""Search Camera (Snake)"", ""quantity"": 1, ""condition"": ""operational""}, {""item_name"": ""Listening Device"", ""quantity"": 1, ""condition"": ""operational""}, {""item_name"": ""First Aid Kit"", ""quantity"": 3, ""condition"": ""operational""}]"
team_0088,Medium,ngo,22.190148,95.056071,Monywa,en_route,"[""structural_shoring"", ""confined_space"", ""canine""]","[{""item_name"": ""Hydraulic Spreader"", ""quantity"": 2, ""condition"": ""operational""}, {""item_name"": ""Cribbing Set"", ""quantity"": 3, ""condition"": ""damaged""}, {""item_name"": ""Thermal Imaging Camera"", ""quantity"": 1, ""condition"": ""operational""}, {""item_name"": ""Rescue Struts"", ""quantity"": 4, ""condition"": ""operational""}]"
team_0089,Medium,national_rescue_dept,24.120682,96.333388,Katha,on_site,"[""structural_shoring"", ""confined_space"", ""canine""]","[{""item_name"": ""Hydraulic Spreader"", ""quantity"": 2, ""condition"": ""operational""}, {""item_name"": ""Cribbing Set"", ""quantity"": 3, ""condition"": ""operational""}, {""item_name"": ""Thermal Imaging Camera"", ""quantity"": 1, ""condition"": ""operational""}, {""item_name"": ""Rescue Struts"", ""quantity"": 4, ""condition"": ""operational""}]"
team_0090,Medium,ngo,22.087771,95.049059,Monywa,on_site,"[""structural_shoring"", ""confined_space"", ""canine""]","[{""item_name"": ""Hydraulic Spreader"", ""quantity"": 2, ""condition"": ""operational""}, {""item_name"": ""Cribbing Set"", ""quantity"": 3, ""condition"": ""operational""}, {""item_name"": ""Thermal Imaging Camera"", ""quantity"": 1, ""condition"": ""operational""}, {""item_name"": ""Rescue Struts"", ""quantity"": 4, ""condition"": ""operational""}]"
team_0091,Heavy,national_rescue_dept,23.273164,93.956415,Kalay,available,"[""structural_shoring"", ""heavy_lifting"", ""confined_space"", ""crane_operations""]","[{""item_name"": ""50T Crane"", ""quantity"": 1, ""condition"": ""operational""}, {""item_name"": ""Hydraulic Spreader"", ""quantity"": 4, ""condition"": ""operational""}, {""item_name"": ""Concrete Breaker"", ""quantity"": 2, ""condition"": ""operational""}, {""item_name"": ""Pneumatic Lift Bags"", ""quantity"": 6, ""condition"": ""operational""}]"
team_0092,Heavy,ngo,23.209298,94.053098,Kalay,on_site,"[""structural_shoring"", ""heavy_lifting"", ""confined_space"", ""crane_operations""]","[{""item_name"": ""50T Crane"", ""quantity"": 1, ""condition"": ""damaged""}, {""item_name"": ""Hydraulic Spreader"", ""quantity"": 4, ""condition"": ""operational""}, {""item_name"": ""Concrete Breaker"", ""quantity"": 2, ""condition"": ""operational""}, {""item_name"": ""Pneumatic Lift Bags"", ""quantity"": 6, ""condition"": ""operational""}]"
team_0093,Light,national_rescue_dept,23.186738,93.986978,Kalay,available,"[""search_and_triage"", ""first_aid"", ""canine""]","[{""item_name"": ""Hand Tools Kit"", ""quantity"": 5, ""condition"": ""operational""}, {""item_name"": ""Search Camera (Snake)"", ""quantity"": 1, ""condition"": ""operational""}, {""item_name"": ""Listening Device"", ""quantity"": 1, ""condition"": ""operational""}, {""item_name"": ""First Aid Kit"", ""quantity"": 3, ""condition"": ""operational""}]"
team_0094,Light,ngo,22.05943,95.184894,Monywa,resting,"[""search_and_triage"", ""first_aid"", ""canine""]","[{""item_name"": ""Hand Tools Kit"", ""quantity"": 5, ""condition"": ""operational""}, {""item_name"": ""Search Camera (Snake)"", ""quantity"": 1, ""condition"": ""operational""}, {""item_name"": ""Listening Device"", ""quantity"": 1, ""condition"": ""operational""}, {""item_name"": ""First Aid Kit"", ""quantity"": 3, ""condition"": ""operational""}]"
team_0095,Medium,national_rescue_dept,23.183197,95.61089,Kanbalu,on_site,"[""structural_shoring"", ""confined_space"", ""canine""]","[{""item_name"": ""Hydraulic Spreader"", ""quantity"": 2, ""condition"": ""operational""}, {""item_name"": ""Cribbing Set"", ""quantity"": 3, ""condition"": ""operational""}, {""item_name"": ""Thermal Imaging Camera"", ""quantity"": 1, ""condition"": ""operational""}, {""item_name"": ""Rescue Struts"", ""quantity"": 4, ""condition"": ""missing""}]"
team_0096,Medium,ngo,22.076382,95.588031,Myinmu,available,"[""structural_shoring"", ""confined_space"", ""canine""]","[{""item_name"": ""Hydraulic Spreader"", ""quantity"": 2, ""condition"": ""missing""}, {""item_name"": ""Cribbing Set"", ""quantity"": 3, ""condition"": ""operational""}, {""item_name"": ""Thermal Imaging Camera"", ""quantity"": 1, ""condition"": ""operational""}, {""item_name"": ""Rescue Struts"", ""quantity"": 4, ""condition"": ""damaged""}]"
team_0097,Heavy,national_rescue_dept,23.244038,95.513779,Kanbalu,available,"[""structural_shoring"", ""heavy_lifting"", ""confined_space"", ""crane_operations""]","[{""item_name"": ""50T Crane"", ""quantity"": 1, ""condition"": ""operational""}, {""item_name"": ""Hydraulic Spreader"", ""quantity"": 4, ""condition"": ""operational""}, {""item_name"": ""Concrete Breaker"", ""quantity"": 2, ""condition"": ""operational""}, {""item_name"": ""Pneumatic Lift Bags"", ""quantity"": 6, ""condition"": ""operational""}]"
team_0098,Light,ngo,22.210444,95.063779,Monywa,en_route,"[""search_and_triage"", ""first_aid"", ""canine""]","[{""item_name"": ""Hand Tools Kit"", ""quantity"": 5, ""condition"": ""operational""}, {""item_name"": ""Search Camera (Snake)"", ""quantity"": 1, ""condition"": ""operational""}, {""item_name"": ""Listening Device"", ""quantity"": 1, ""condition"": ""missing""}, {""item_name"": ""First Aid Kit"", ""quantity"": 3, ""condition"": ""operational""}]"
team_0099,Light,national_rescue_dept,21.97491,95.937177,Sagaing,resting,"[""search_and_triage"", ""first_aid"", ""canine""]","[{""item_name"": ""Hand Tools Kit"", ""quantity"": 5, ""condition"": ""missing""}, {""item_name"": ""Search Camera (Snake)"", ""quantity"": 1, ""condition"": ""damaged""}, {""item_name"": ""Listening Device"", ""quantity"": 1, ""condition"": ""damaged""}, {""item_name"": ""First Aid Kit"", ""quantity"": 3, ""condition"": ""operational""}]"
team_0100,Medium,ngo,22.041407,95.156824,Monywa,available,"[""structural_shoring"", ""confined_space"", ""canine""]","[{""item_name"": ""Hydraulic Spreader"", ""quantity"": 2, ""condition"": ""operational""}, {""item_name"": ""Cribbing Set"", ""quantity"": 3, ""condition"": ""operational""}, {""item_name"": ""Thermal Imaging Camera"", ""quantity"": 1, ""condition"": ""operational""}, {""item_name"": ""Rescue Struts"", ""quantity"": 4, ""condition"": ""operational""}]"
team_0101,Heavy,national_rescue_dept,23.249931,95.60199,Kanbalu,available,"[""structural_shoring"", ""heavy_lifting"", ""confined_space"", ""crane_operations""]","[{""item_name"": ""50T Crane"", ""quantity"": 1, ""condition"": ""operational""}, {""item_name"": ""Hydraulic Spreader"", ""quantity"": 4, ""condition"": ""operational""}, {""item_name"": ""Concrete Breaker"", ""quantity"": 2, ""condition"": ""operational""}, {""item_name"": ""Pneumatic Lift Bags"", ""quantity"": 6, ""condition"": ""operational""}]"
team_0102,Medium,national_rescue_dept,22.612088,95.630535,Shwebo,available,"[""structural_shoring"", ""confined_space"", ""canine""]","[{""item_name"": ""Hydraulic Spreader"", ""quantity"": 2, ""condition"": ""damaged""}, {""item_name"": ""Cribbing Set"", ""quantity"": 3, ""condition"": ""operational""}, {""item_name"": ""Thermal Imaging Camera"", ""quantity"": 1, ""condition"": ""operational""}, {""item_name"": ""Rescue Struts"", ""quantity"": 4, ""condition"": ""damaged""}]"
team_0103,Medium,national_rescue_dept,23.248843,95.622171,Kanbalu,on_site,"[""structural_shoring"", ""confined_space"", ""canine""]","[{""item_name"": ""Hydraulic Spreader"", ""quantity"": 2, ""condition"": ""operational""}, {""item_name"": ""Cribbing Set"", ""quantity"": 3, ""condition"": ""operational""}, {""item_name"": ""Thermal Imaging Camera"", ""quantity"": 1, ""condition"": ""operational""}, {""item_name"": ""Rescue Struts"", ""quantity"": 4, ""condition"": ""operational""}]"
team_0104,Heavy,ngo,23.251591,95.48208,Kanbalu,on_site,"[""structural_shoring"", ""heavy_lifting"", ""confined_space"", ""crane_operations""]","[{""item_name"": ""50T Crane"", ""quantity"": 1, ""condition"": ""operational""}, {""item_name"": ""Hydraulic Spreader"", ""quantity"": 4, ""condition"": ""operational""}, {""item_name"": ""Concrete Breaker"", ""quantity"": 2, ""condition"": ""operational""}, {""item_name"": ""Pneumatic Lift Bags"", ""quantity"": 6, ""condition"": ""operational""}]"
team_0105,Heavy,national_rescue_dept,22.209657,95.048697,Monywa,available,"[""structural_shoring"", ""heavy_lifting"", ""confined_space"", ""crane_operations""]","[{""item_name"": ""50T Crane"", ""quantity"": 1, ""condition"": ""operational""}, {""item_name"": ""Hydraulic Spreader"", ""quantity"": 4, ""condition"": ""operational""}, {""item_name"": ""Concrete Breaker"", ""quantity"": 2, ""condition"": ""damaged""}, {""item_name"": ""Pneumatic Lift Bags"", ""quantity"": 6, ""condition"": ""operational""}]"
team_0106,Light,national_rescue_dept,22.107761,95.093422,Monywa,resting,"[""search_and_triage"", ""first_aid"", ""canine""]","[{""item_name"": ""Hand Tools Kit"", ""quantity"": 5, ""condition"": ""operational""}, {""item_name"": ""Search Camera (Snake)"", ""quantity"": 1, ""condition"": ""operational""}, {""item_name"": ""Listening Device"", ""quantity"": 1, ""condition"": ""operational""}, {""item_name"": ""First Aid Kit"", ""quantity"": 3, ""condition"": ""damaged""}]"
team_0107,Light,national_rescue_dept,21.805408,96.011933,Sagaing,available,"[""search_and_triage"", ""first_aid"", ""canine""]","[{""item_name"": ""Hand Tools Kit"", ""quantity"": 5, ""condition"": ""operational""}, {""item_name"": ""Search Camera (Snake)"", ""quantity"": 1, ""condition"": ""operational""}, {""item_name"": ""Listening Device"", ""quantity"": 1, ""condition"": ""operational""}, {""item_name"": ""First Aid Kit"", ""quantity"": 3, ""condition"": ""operational""}]"
team_0108,Medium,ngo,22.477607,95.706284,Shwebo,available,"[""structural_shoring"", ""confined_space"", ""canine""]","[{""item_name"": ""Hydraulic Spreader"", ""quantity"": 2, ""condition"": ""operational""}, {""item_name"": ""Cribbing Set"", ""quantity"": 3, ""condition"": ""operational""}, {""item_name"": ""Thermal Imaging Camera"", ""quantity"": 1, ""condition"": ""operational""}, {""item_name"": ""Rescue Struts"", ""quantity"": 4, ""condition"": ""operational""}]"
team_0109,Light,national_rescue_dept,21.818909,96.065298,Sagaing,en_route,"[""search_and_triage"", ""first_aid"", ""canine""]","[{""item_name"": ""Hand Tools Kit"", ""quantity"": 5, ""condition"": ""operational""}, {""item_name"": ""Search Camera (Snake)"", ""quantity"": 1, ""condition"": ""operational""}, {""item_name"": ""Listening Device"", ""quantity"": 1, ""condition"": ""operational""}, {""item_name"": ""First Aid Kit"", ""quantity"": 3, ""condition"": ""operational""}]"
team_0110,Light,national_rescue_dept,23.211998,94.005745,Kalay,available,"[""search_and_triage"", ""first_aid"", ""canine""]","[{""item_name"": ""Hand Tools Kit"", ""quantity"": 5, ""condition"": ""operational""}, {""item_name"": ""Search Camera (Snake)"", ""quantity"": 1, ""condition"": ""operational""}, {""item_name"": ""Listening Device"", ""quantity"": 1, ""condition"": ""operational""}, {""item_name"": ""First Aid Kit"", ""quantity"": 3, ""condition"": ""missing""}]"
team_0111,Medium,ngo,22.102699,95.111464,Monywa,available,"[""structural_shoring"", ""confined_space"", ""canine""]","[{""item_name"": ""Hydraulic Spreader"", ""quantity"": 2, ""condition"": ""operational""}, {""item_name"": ""Cribbing Set"", ""quantity"": 3, ""condition"": ""operational""}, {""item_name"": ""Thermal Imaging Camera"", ""quantity"": 1, ""condition"": ""operational""}, {""item_name"": ""Rescue Struts"", ""quantity"": 4, ""condition"": ""operational""}]"
team_0112,Light,national_rescue_dept,22.066654,95.06491,Monywa,en_route,"[""search_and_triage"", ""first_aid"", ""canine""]","[{""item_name"": ""Hand Tools Kit"", ""quantity"": 5, ""condition"": ""operational""}, {""item_name"": ""Search Camera (Snake)"", ""quantity"": 1, ""condition"": ""damaged""}, {""item_name"": ""Listening Device"", ""quantity"": 1, ""condition"": ""operational""}, {""item_name"": ""First Aid Kit"", ""quantity"": 3, ""condition"": ""operational""}]"
team_0113,Heavy,ngo,21.838552,95.976592,Sagaing,on_site,"[""structural_shoring"", ""heavy_lifting"", ""confined_space"", ""crane_operations""]","[{""item_name"": ""50T Crane"", ""quantity"": 1, ""condition"": ""operational""}, {""item_name"": ""Hydraulic Spreader"", ""quantity"": 4, ""condition"": ""operational""}, {""item_name"": ""Concrete Breaker"", ""quantity"": 2, ""condition"": ""operational""}, {""item_name"": ""Pneumatic Lift Bags"", ""quantity"": 6, ""condition"": ""operational""}]"
team_0114,Medium,ngo,24.209539,96.404757,Katha,en_route,"[""structural_shoring"", ""confined_space"", ""canine""]","[{""item_name"": ""Hydraulic Spreader"", ""quantity"": 2, ""condition"": ""operational""}, {""item_name"": ""Cribbing Set"", ""quantity"": 3, ""condition"": ""operational""}, {""item_name"": ""Thermal Imaging Camera"", ""quantity"": 1, ""condition"": ""operational""}, {""item_name"": ""Rescue Struts"", ""quantity"": 4, ""condition"": ""damaged""}]"
team_0115,Medium,ngo,23.187401,95.511516,Kanbalu,on_site,"[""structural_shoring"", ""confined_space"", ""canine""]","[{""item_name"": ""Hydraulic Spreader"", ""quantity"": 2, ""condition"": ""operational""}, {""item_name"": ""Cribbing Set"", ""quantity"": 3, ""condition"": ""operational""}, {""item_name"": ""Thermal Imaging Camera"", ""quantity"": 1, ""condition"": ""operational""}, {""item_name"": ""Rescue Struts"", ""quantity"": 4, ""condition"": ""operational""}]"
team_0116,Light,national_rescue_dept,22.115457,95.11224,Monywa,available,"[""search_and_triage"", ""first_aid"", ""canine""]","[{""item_name"": ""Hand Tools Kit"", ""quantity"": 5, ""condition"": ""missing""}, {""item_name"": ""Search Camera (Snake)"", ""quantity"": 1, ""condition"": ""damaged""}, {""item_name"": ""Listening Device"", ""quantity"": 1, ""condition"": ""operational""}, {""item_name"": ""First Aid Kit"", ""quantity"": 3, ""condition"": ""operational""}]"
team_0117,Light,national_rescue_dept,24.251507,96.349511,Katha,resting,"[""search_and_triage"", ""first_aid"", ""canine""]","[{""item_name"": ""Hand Tools Kit"", ""quantity"": 5, ""condition"": ""damaged""}, {""item_name"": ""Search Camera (Snake)"", ""quantity"": 1, ""condition"": ""operational""}, {""item_name"": ""Listening Device"", ""quantity"": 1, ""condition"": ""operational""}, {""item_name"": ""First Aid Kit"", ""quantity"": 3, ""condition"": ""operational""}]"
team_0118,Light,national_rescue_dept,22.628332,95.738775,Shwebo,available,"[""search_and_triage"", ""first_aid"", ""canine""]","[{""item_name"": ""Hand Tools Kit"", ""quantity"": 5, ""condition"": ""operational""}, {""item_name"": ""Search Camera (Snake)"", ""quantity"": 1, ""condition"": ""operational""}, {""item_name"": ""Listening Device"", ""quantity"": 1, ""condition"": ""operational""}, {""item_name"": ""First Aid Kit"", ""quantity"": 3, ""condition"": ""operational""}]"
team_0119,Light,national_rescue_dept,22.085512,95.215533,Monywa,en_route,"[""search_and_triage"", ""first_aid"", ""canine""]","[{""item_name"": ""Hand Tools Kit"", ""quantity"": 5, ""condition"": ""operational""}, {""item_name"": ""Search Camera (Snake)"", ""quantity"": 1, ""condition"": ""operational""}, {""item_name"": ""Listening Device"", ""quantity"": 1, ""condition"": ""operational""}, {""item_name"": ""First Aid Kit"", ""quantity"": 3, ""condition"": ""operational""}]"
